[INFO] Thu 05/15/2025  9:53:34.93 - Backing up database "test" to "C:\Users\Administrator\Documents\TTSEcomWeb-main\wdata\test_2025-05-15_ 953.archive" 
[INFO] Thu 05/15/2025  9:53:35.83 - Backup completed! 
[INFO] Thu 05/15/2025  9:53:35.88 - Old backups cleaned up. 
[INFO] Thu 05/15/2025  9:59:40.24 - Backing up database "test" to "C:\Users\Administrator\Documents\TTSEcomWeb-main\wdata\test_2025-05-15_ 959.archive" 
[INFO] Thu 05/15/2025  9:59:41.06 - Backup completed! 
[INFO] Thu 05/15/2025  9:59:41.11 - Old backups cleaned up. 
[INFO] Thu 05/15/2025 10:00:00.13 - Backing up database "test" to "C:\Users\Administrator\Documents\TTSEcomWeb-main\wdata\test_2025-05-15_1000.archive" 
[INFO] Thu 05/15/2025 10:00:01.17 - Backup completed! 
[INFO] Thu 05/15/2025 10:00:01.22 - Old backups cleaned up. 
[INFO] Fri 05/16/2025  4:00:01.08 - Backing up database "test" to "C:\Users\Administrator\Documents\TTSEcomWeb-main\wdata\test_2025-05-16_ 400.archive" 
[INFO] Fri 05/16/2025  4:00:02.31 - Backup completed! 
[INFO] Fri 05/16/2025  4:00:02.36 - Old backups cleaned up. 
[INFO] Sat 05/17/2025  4:00:01.05 - Backing up database "test" to "C:\Users\Administrator\Documents\TTSEcomWeb-main\wdata\test_2025-05-17_ 400.archive" 
[INFO] Sat 05/17/2025  4:00:01.93 - Backup completed! 
[INFO] Sat 05/17/2025  4:00:01.98 - Old backups cleaned up. 
[INFO] Sun 05/18/2025  4:00:01.08 - Backing up database "test" to "C:\Users\Administrator\Documents\TTSEcomWeb-main\wdata\test_2025-05-18_ 400.archive" 
[INFO] Sun 05/18/2025  4:00:02.60 - Backup completed! 
[INFO] Sun 05/18/2025  4:00:02.66 - Old backups cleaned up. 
[INFO] Mon 05/19/2025  4:00:01.60 - Backing up database "test" to "C:\Users\Administrator\Documents\TTSEcomWeb-main\wdata\test_2025-05-19_ 400.archive" 
[INFO] Mon 05/19/2025  4:00:03.23 - Backup completed! 
[INFO] Mon 05/19/2025  4:00:03.28 - Old backups cleaned up. 
[INFO] Tue 05/27/2025  4:00:02.99 - Backing up database "test" to "C:\Users\Administrator\Documents\TTSEcomWeb-main\wdata\test_2025-05-27_ 400.archive" 
[INFO] Tue 05/27/2025  4:00:08.34 - Backup completed! 
[INFO] Tue 05/27/2025  4:00:08.86 - Old backups cleaned up. 
[INFO] Tue 05/27/2025  9:55:59.73 - Backing up database "test" to "C:\Users\Administrator\Documents\TTSEcomWeb-main\wdata\test_2025-05-27_ 955.archive" 
[INFO] Tue 05/27/2025  9:56:01.36 - Backup completed! 
[INFO] Tue 05/27/2025  9:56:01.42 - Old backups cleaned up. 
[INFO] Wed 05/28/2025  4:00:02.10 - Backing up database "test" to "C:\Users\Administrator\Documents\TTSEcomWeb-main\wdata\test_2025-05-28_ 400.archive" 
[INFO] Wed 05/28/2025  4:00:03.67 - Backup completed! 
[INFO] Wed 05/28/2025  4:00:03.70 - Old backups cleaned up. 
[INFO] Thu 05/29/2025  4:00:02.59 - Backing up database "test" to "C:\Users\Administrator\Documents\TTSEcomWeb-main\wdata\test_2025-05-29_ 400.archive" 
[INFO] Thu 05/29/2025  4:00:04.32 - Backup completed! 
[INFO] Thu 05/29/2025  4:00:04.34 - Old backups cleaned up. 
[INFO] Fri 05/30/2025  4:00:02.39 - Backing up database "test" to "C:\Users\Administrator\Documents\TTSEcomWeb-main\wdata\test_2025-05-30_ 400.archive" 
[INFO] Fri 05/30/2025  4:00:04.34 - Backup completed! 
[INFO] Fri 05/30/2025  4:00:04.37 - Old backups cleaned up. 
[INFO] Sat 05/31/2025  4:00:02.75 - Backing up database "test" to "C:\Users\Administrator\Documents\TTSEcomWeb-main\wdata\test_2025-05-31_ 400.archive" 
[INFO] Sat 05/31/2025  4:00:05.10 - Backup completed! 
[INFO] Sat 05/31/2025  4:00:05.14 - Old backups cleaned up. 
[INFO] Sun 06/01/2025  4:00:02.00 - Backing up database "test" to "C:\Users\Administrator\Documents\TTSEcomWeb-main\wdata\test_2025-06-01_ 400.archive" 
[INFO] Sun 06/01/2025  4:00:02.75 - Backup completed! 
[INFO] Sun 06/01/2025  4:00:03.18 - Old backups cleaned up. 
[INFO] Mon 06/02/2025  4:00:01.97 - Backing up database "test" to "C:\Users\Administrator\Documents\TTSEcomWeb-main\wdata\test_2025-06-02_ 400.archive" 
[INFO] Mon 06/02/2025  4:00:02.78 - Backup completed! 
[INFO] Mon 06/02/2025  4:00:02.82 - Old backups cleaned up. 
[INFO] Tue 06/03/2025  4:00:02.15 - Backing up database "test" to "C:\Users\Administrator\Documents\TTSEcomWeb-main\wdata\test_2025-06-03_ 400.archive" 
[INFO] Tue 06/03/2025  4:00:03.62 - Backup completed! 
[INFO] Tue 06/03/2025  4:00:03.69 - Old backups cleaned up. 
[INFO] Wed 06/04/2025  4:00:02.03 - Backing up database "test" to "C:\Users\Administrator\Documents\TTSEcomWeb-main\wdata\test_2025-06-04_ 400.archive" 
[INFO] Wed 06/04/2025  4:00:02.72 - Backup completed! 
[INFO] Wed 06/04/2025  4:00:02.81 - Old backups cleaned up. 
[INFO] Thu 06/05/2025  4:00:02.04 - Backing up database "test" to "C:\Users\Administrator\Documents\TTSEcomWeb-main\wdata\test_2025-06-05_ 400.archive" 
[INFO] Thu 06/05/2025  4:00:02.64 - Backup completed! 
[INFO] Thu 06/05/2025  4:00:02.71 - Old backups cleaned up. 
[INFO] Fri 06/06/2025  4:00:02.06 - Backing up database "test" to "C:\Users\Administrator\Documents\TTSEcomWeb-main\wdata\test_2025-06-06_ 400.archive" 
[INFO] Fri 06/06/2025  4:00:02.76 - Backup completed! 
[INFO] Fri 06/06/2025  4:00:02.88 - Old backups cleaned up. 
[INFO] Sat 06/07/2025  4:00:01.99 - Backing up database "test" to "C:\Users\Administrator\Documents\TTSEcomWeb-main\wdata\test_2025-06-07_ 400.archive" 
[INFO] Sat 06/07/2025  4:00:02.60 - Backup completed! 
[INFO] Sat 06/07/2025  4:00:02.69 - Old backups cleaned up. 
[INFO] Sun 06/08/2025  4:00:02.03 - Backing up database "test" to "C:\Users\Administrator\Documents\TTSEcomWeb-main\wdata\test_2025-06-08_ 400.archive" 
[INFO] Sun 06/08/2025  4:00:02.59 - Backup completed! 
[INFO] Sun 06/08/2025  4:00:02.67 - Old backups cleaned up. 
[INFO] Mon 06/09/2025  4:00:02.12 - Backing up database "test" to "C:\Users\Administrator\Documents\TTSEcomWeb-main\wdata\test_2025-06-09_ 400.archive" 
[INFO] Mon 06/09/2025  4:00:02.67 - Backup completed! 
[INFO] Mon 06/09/2025  4:00:02.74 - Old backups cleaned up. 
[INFO] Tue 06/10/2025  4:00:02.06 - Backing up database "test" to "C:\Users\Administrator\Documents\TTSEcomWeb-main\wdata\test_2025-06-10_ 400.archive" 
[INFO] Tue 06/10/2025  4:00:02.59 - Backup completed! 
[INFO] Tue 06/10/2025  4:00:02.68 - Old backups cleaned up. 
[INFO] Wed 06/11/2025  4:00:02.05 - Backing up database "test" to "C:\Users\Administrator\Documents\TTSEcomWeb-main\wdata\test_2025-06-11_ 400.archive" 
[INFO] Wed 06/11/2025  4:00:02.63 - Backup completed! 
[INFO] Wed 06/11/2025  4:00:02.71 - Old backups cleaned up. 
[INFO] Thu 06/12/2025  4:00:02.06 - Backing up database "test" to "C:\Users\Administrator\Documents\TTSEcomWeb-main\wdata\test_2025-06-12_ 400.archive" 
[INFO] Thu 06/12/2025  4:00:02.55 - Backup completed! 
[INFO] Thu 06/12/2025  4:00:02.62 - Old backups cleaned up. 
[INFO] Fri 06/13/2025  4:00:02.13 - Backing up database "test" to "C:\Users\Administrator\Documents\TTSEcomWeb-main\wdata\test_2025-06-13_ 400.archive" 
[INFO] Fri 06/13/2025  4:00:02.62 - Backup completed! 
[INFO] Fri 06/13/2025  4:00:02.71 - Old backups cleaned up. 
[INFO] Sat 06/14/2025  4:00:02.07 - Backing up database "test" to "C:\Users\Administrator\Documents\TTSEcomWeb-main\wdata\test_2025-06-14_ 400.archive" 
[INFO] Sat 06/14/2025  4:00:02.76 - Backup completed! 
[INFO] Sat 06/14/2025  4:00:02.85 - Old backups cleaned up. 
[INFO] Sun 06/15/2025  4:00:02.08 - Backing up database "test" to "C:\Users\Administrator\Documents\TTSEcomWeb-main\wdata\test_2025-06-15_ 400.archive" 
[INFO] Sun 06/15/2025  4:00:02.54 - Backup completed! 
[INFO] Sun 06/15/2025  4:00:02.62 - Old backups cleaned up. 
[INFO] Mon 06/16/2025  4:00:02.09 - Backing up database "test" to "C:\Users\Administrator\Documents\TTSEcomWeb-main\wdata\test_2025-06-16_ 400.archive" 
[INFO] Mon 06/16/2025  4:00:02.65 - Backup completed! 
[INFO] Mon 06/16/2025  4:00:02.72 - Old backups cleaned up. 
[INFO] Tue 06/17/2025  4:00:02.10 - Backing up database "test" to "C:\Users\Administrator\Documents\TTSEcomWeb-main\wdata\test_2025-06-17_ 400.archive" 
[INFO] Tue 06/17/2025  4:00:02.65 - Backup completed! 
[INFO] Tue 06/17/2025  4:00:02.72 - Old backups cleaned up. 
[INFO] Wed 06/18/2025  4:00:02.09 - Backing up database "test" to "C:\Users\Administrator\Documents\TTSEcomWeb-main\wdata\test_2025-06-18_ 400.archive" 
[INFO] Wed 06/18/2025  4:00:02.56 - Backup completed! 
[INFO] Wed 06/18/2025  4:00:02.65 - Old backups cleaned up. 
[INFO] Tue 06/24/2025  4:00:01.65 - Backing up database "test" to "C:\Users\Administrator\Documents\TTSEcomWeb-main\wdata\test_2025-06-24_ 400.archive" 
[INFO] Tue 06/24/2025  4:00:02.55 - Backup completed! 
[INFO] Tue 06/24/2025  4:00:02.75 - Old backups cleaned up. 
[INFO] Wed 06/25/2025  4:00:01.72 - Backing up database "test" to "C:\Users\Administrator\Documents\TTSEcomWeb-main\wdata\test_2025-06-25_ 400.archive" 
[INFO] Wed 06/25/2025  4:00:03.10 - Backup completed! 
[INFO] Wed 06/25/2025  4:00:03.18 - Old backups cleaned up. 
[INFO] Thu 06/26/2025  4:00:01.84 - Backing up database "test" to "C:\Users\Administrator\Documents\TTSEcomWeb-main\wdata\test_2025-06-26_ 400.archive" 
[INFO] Thu 06/26/2025  4:00:03.43 - Backup completed! 
[INFO] Thu 06/26/2025  4:00:03.48 - Old backups cleaned up. 
[INFO] Fri 06/27/2025  4:00:01.83 - Backing up database "test" to "C:\Users\Administrator\Documents\TTSEcomWeb-main\wdata\test_2025-06-27_ 400.archive" 
[INFO] Fri 06/27/2025  4:00:03.30 - Backup completed! 
[INFO] Fri 06/27/2025  4:00:03.33 - Old backups cleaned up. 
[INFO] Sat 06/28/2025  4:00:01.61 - Backing up database "test" to "C:\Users\Administrator\Documents\TTSEcomWeb-main\wdata\test_2025-06-28_ 400.archive" 
[INFO] Sat 06/28/2025  4:00:02.56 - Backup completed! 
[INFO] Sat 06/28/2025  4:00:02.59 - Old backups cleaned up. 
[INFO] Sun 06/29/2025  4:00:01.69 - Backing up database "test" to "C:\Users\Administrator\Documents\TTSEcomWeb-main\wdata\test_2025-06-29_ 400.archive" 
[INFO] Sun 06/29/2025  4:00:02.55 - Backup completed! 
[INFO] Sun 06/29/2025  4:00:02.59 - Old backups cleaned up. 
[INFO] Mon 06/30/2025  4:00:01.70 - Backing up database "test" to "C:\Users\Administrator\Documents\TTSEcomWeb-main\wdata\test_2025-06-30_ 400.archive" 
[INFO] Mon 06/30/2025  4:00:02.57 - Backup completed! 
[INFO] Mon 06/30/2025  4:00:02.60 - Old backups cleaned up. 
[INFO] Tue 07/01/2025  4:00:01.67 - Backing up database "test" to "C:\Users\Administrator\Documents\TTSEcomWeb-main\wdata\test_2025-07-01_ 400.archive" 
[INFO] Tue 07/01/2025  4:00:02.42 - Backup completed! 
[INFO] Tue 07/01/2025  4:00:02.53 - Old backups cleaned up. 
[INFO] Wed 07/02/2025  4:00:01.78 - Backing up database "test" to "C:\Users\Administrator\Documents\TTSEcomWeb-main\wdata\test_2025-07-02_ 400.archive" 
[INFO] Wed 07/02/2025  4:00:02.81 - Backup completed! 
[INFO] Wed 07/02/2025  4:00:02.88 - Old backups cleaned up. 
[INFO] Thu 07/03/2025  4:00:01.62 - Backing up database "test" to "C:\Users\Administrator\Documents\TTSEcomWeb-main\wdata\test_2025-07-03_ 400.archive" 
[INFO] Thu 07/03/2025  4:00:02.82 - Backup completed! 
[INFO] Thu 07/03/2025  4:00:02.89 - Old backups cleaned up. 
[INFO] Fri 07/04/2025  4:00:02.24 - Backing up database "test" to "C:\Users\Administrator\Documents\TTSEcomWeb-main\wdata\test_2025-07-04_ 400.archive" 
[INFO] Fri 07/04/2025  4:00:03.42 - Backup completed! 
[INFO] Fri 07/04/2025  4:00:03.51 - Old backups cleaned up. 
[INFO] Sat 07/05/2025  4:00:01.81 - Backing up database "test" to "C:\Users\Administrator\Documents\TTSEcomWeb-main\wdata\test_2025-07-05_ 400.archive" 
[INFO] Sat 07/05/2025  4:00:04.03 - Backup completed! 
[INFO] Sat 07/05/2025  4:00:04.12 - Old backups cleaned up. 
[INFO] Sun 07/06/2025  4:00:01.81 - Backing up database "test" to "C:\Users\Administrator\Documents\TTSEcomWeb-main\wdata\test_2025-07-06_ 400.archive" 
[INFO] Sun 07/06/2025  4:00:03.40 - Backup completed! 
[INFO] Sun 07/06/2025  4:00:03.50 - Old backups cleaned up. 
[INFO] Mon 07/07/2025  4:00:01.74 - Backing up database "test" to "C:\Users\Administrator\Documents\TTSEcomWeb-main\wdata\test_2025-07-07_ 400.archive" 
[INFO] Mon 07/07/2025  4:00:03.11 - Backup completed! 
[INFO] Mon 07/07/2025  4:00:03.19 - Old backups cleaned up. 
[INFO] Tue 07/08/2025  4:00:01.79 - Backing up database "test" to "C:\Users\Administrator\Documents\TTSEcomWeb-main\wdata\test_2025-07-08_ 400.archive" 
[INFO] Tue 07/08/2025  4:00:02.64 - Backup completed! 
[INFO] Tue 07/08/2025  4:00:02.71 - Old backups cleaned up. 
[INFO] Wed 07/09/2025  4:00:01.77 - Backing up database "test" to "C:\Users\Administrator\Documents\TTSEcomWeb-main\wdata\test_2025-07-09_ 400.archive" 
[INFO] Wed 07/09/2025  4:00:03.70 - Backup completed! 
[INFO] Wed 07/09/2025  4:00:03.83 - Old backups cleaned up. 
[INFO] Thu 07/10/2025  4:00:01.69 - Backing up database "test" to "C:\Users\Administrator\Documents\TTSEcomWeb-main\wdata\test_2025-07-10_ 400.archive" 
[INFO] Thu 07/10/2025  4:00:02.57 - Backup completed! 
[INFO] Thu 07/10/2025  4:00:02.65 - Old backups cleaned up. 
[INFO] Fri 07/11/2025  4:00:01.64 - Backing up database "test" to "C:\Users\Administrator\Documents\TTSEcomWeb-main\wdata\test_2025-07-11_ 400.archive" 
[INFO] Fri 07/11/2025  4:00:02.38 - Backup completed! 
[INFO] Fri 07/11/2025  4:00:02.46 - Old backups cleaned up. 
[INFO] Sat 07/12/2025  4:00:01.74 - Backing up database "test" to "C:\Users\Administrator\Documents\TTSEcomWeb-main\wdata\test_2025-07-12_ 400.archive" 
[INFO] Sat 07/12/2025  4:00:02.76 - Backup completed! 
[INFO] Sat 07/12/2025  4:00:02.84 - Old backups cleaned up. 
[INFO] Sun 07/13/2025  4:00:01.80 - Backing up database "test" to "C:\Users\Administrator\Documents\TTSEcomWeb-main\wdata\test_2025-07-13_ 400.archive" 
[INFO] Sun 07/13/2025  4:00:02.94 - Backup completed! 
[INFO] Sun 07/13/2025  4:00:03.03 - Old backups cleaned up. 
[INFO] Mon 07/14/2025  4:00:01.70 - Backing up database "test" to "C:\Users\Administrator\Documents\TTSEcomWeb-main\wdata\test_2025-07-14_ 400.archive" 
[INFO] Mon 07/14/2025  4:00:02.80 - Backup completed! 
[INFO] Mon 07/14/2025  4:00:02.91 - Old backups cleaned up. 
[INFO] Tue 07/15/2025  4:00:01.66 - Backing up database "test" to "C:\Users\Administrator\Documents\TTSEcomWeb-main\wdata\test_2025-07-15_ 400.archive" 
[INFO] Tue 07/15/2025  4:00:02.48 - Backup completed! 
[INFO] Tue 07/15/2025  4:00:02.56 - Old backups cleaned up. 
[INFO] Wed 07/16/2025  4:00:01.68 - Backing up database "test" to "C:\Users\Administrator\Documents\TTSEcomWeb-main\wdata\test_2025-07-16_ 400.archive" 
[INFO] Wed 07/16/2025  4:00:02.49 - Backup completed! 
[INFO] Wed 07/16/2025  4:00:02.57 - Old backups cleaned up. 
[INFO] Thu 07/17/2025  4:00:01.70 - Backing up database "test" to "C:\Users\Administrator\Documents\TTSEcomWeb-main\wdata\test_2025-07-17_ 400.archive" 
[INFO] Thu 07/17/2025  4:00:03.42 - Backup completed! 
[INFO] Thu 07/17/2025  4:00:03.49 - Old backups cleaned up. 
[INFO] Fri 07/18/2025  4:00:01.71 - Backing up database "test" to "C:\Users\Administrator\Documents\TTSEcomWeb-main\wdata\test_2025-07-18_ 400.archive" 
[INFO] Fri 07/18/2025  4:00:04.42 - Backup completed! 
[INFO] Fri 07/18/2025  4:00:04.51 - Old backups cleaned up. 
[INFO] Sat 07/19/2025  4:00:01.73 - Backing up database "test" to "C:\Users\Administrator\Documents\TTSEcomWeb-main\wdata\test_2025-07-19_ 400.archive" 
[INFO] Sat 07/19/2025  4:00:02.73 - Backup completed! 
[INFO] Sat 07/19/2025  4:00:02.84 - Old backups cleaned up. 
[INFO] Sun 07/20/2025  4:00:01.71 - Backing up database "test" to "C:\Users\Administrator\Documents\TTSEcomWeb-main\wdata\test_2025-07-20_ 400.archive" 
[INFO] Sun 07/20/2025  4:00:02.49 - Backup completed! 
[INFO] Sun 07/20/2025  4:00:02.58 - Old backups cleaned up. 
[INFO] Mon 07/21/2025  4:00:01.72 - Backing up database "test" to "C:\Users\Administrator\Documents\TTSEcomWeb-main\wdata\test_2025-07-21_ 400.archive" 
[INFO] Mon 07/21/2025  4:00:02.75 - Backup completed! 
[INFO] Mon 07/21/2025  4:00:02.94 - Old backups cleaned up. 
[INFO] Tue 07/22/2025  4:00:01.74 - Backing up database "test" to "C:\Users\Administrator\Documents\TTSEcomWeb-main\wdata\test_2025-07-22_ 400.archive" 
[INFO] Tue 07/22/2025  4:00:02.99 - Backup completed! 
[INFO] Tue 07/22/2025  4:00:03.06 - Old backups cleaned up. 
[INFO] Wed 07/23/2025  4:00:01.74 - Backing up database "test" to "C:\Users\Administrator\Documents\TTSEcomWeb-main\wdata\test_2025-07-23_ 400.archive" 
[INFO] Wed 07/23/2025  4:00:02.68 - Backup completed! 
[INFO] Wed 07/23/2025  4:00:02.76 - Old backups cleaned up. 
[INFO] Thu 07/24/2025  4:00:01.77 - Backing up database "test" to "C:\Users\Administrator\Documents\TTSEcomWeb-main\wdata\test_2025-07-24_ 400.archive" 
[INFO] Thu 07/24/2025  4:00:02.90 - Backup completed! 
[INFO] Thu 07/24/2025  4:00:03.03 - Old backups cleaned up. 
[INFO] Fri 07/25/2025  4:00:01.75 - Backing up database "test" to "C:\Users\Administrator\Documents\TTSEcomWeb-main\wdata\test_2025-07-25_ 400.archive" 
[INFO] Fri 07/25/2025  4:00:02.54 - Backup completed! 
[INFO] Fri 07/25/2025  4:00:02.61 - Old backups cleaned up. 
[INFO] Sat 07/26/2025  4:00:01.75 - Backing up database "test" to "C:\Users\Administrator\Documents\TTSEcomWeb-main\wdata\test_2025-07-26_ 400.archive" 
[INFO] Sat 07/26/2025  4:00:02.61 - Backup completed! 
[INFO] Sat 07/26/2025  4:00:02.68 - Old backups cleaned up. 
[INFO] Sun 07/27/2025  4:00:01.84 - Backing up database "test" to "C:\Users\Administrator\Documents\TTSEcomWeb-main\wdata\test_2025-07-27_ 400.archive" 
[INFO] Sun 07/27/2025  4:00:02.84 - Backup completed! 
[INFO] Sun 07/27/2025  4:00:02.94 - Old backups cleaned up. 
[INFO] Mon 07/28/2025  4:00:01.82 - Backing up database "test" to "C:\Users\Administrator\Documents\TTSEcomWeb-main\wdata\test_2025-07-28_ 400.archive" 
[INFO] Mon 07/28/2025  4:00:02.91 - Backup completed! 
[INFO] Mon 07/28/2025  4:00:02.99 - Old backups cleaned up. 
[INFO] Tue 07/29/2025  4:00:01.78 - Backing up database "test" to "C:\Users\Administrator\Documents\TTSEcomWeb-main\wdata\test_2025-07-29_ 400.archive" 
[INFO] Tue 07/29/2025  4:00:02.70 - Backup completed! 
[INFO] Tue 07/29/2025  4:00:02.77 - Old backups cleaned up. 
[INFO] Wed 07/30/2025  4:00:01.92 - Backing up database "test" to "C:\Users\Administrator\Documents\TTSEcomWeb-main\wdata\test_2025-07-30_ 400.archive" 
[INFO] Wed 07/30/2025  4:00:02.91 - Backup completed! 
[INFO] Wed 07/30/2025  4:00:02.97 - Old backups cleaned up. 
[INFO] Thu 07/31/2025  4:00:01.85 - Backing up database "test" to "C:\Users\Administrator\Documents\TTSEcomWeb-main\wdata\test_2025-07-31_ 400.archive" 
[INFO] Thu 07/31/2025  4:00:02.74 - Backup completed! 
[INFO] Thu 07/31/2025  4:00:02.84 - Old backups cleaned up. 
[INFO] Fri 08/01/2025  4:00:01.82 - Backing up database "test" to "C:\Users\Administrator\Documents\TTSEcomWeb-main\wdata\test_2025-08-01_ 400.archive" 
[INFO] Fri 08/01/2025  4:00:02.89 - Backup completed! 
[INFO] Fri 08/01/2025  4:00:02.99 - Old backups cleaned up. 
[INFO] Sat 08/02/2025  4:00:01.86 - Backing up database "test" to "C:\Users\Administrator\Documents\TTSEcomWeb-main\wdata\test_2025-08-02_ 400.archive" 
[INFO] Sat 08/02/2025  4:00:02.92 - Backup completed! 
[INFO] Sat 08/02/2025  4:00:03.02 - Old backups cleaned up. 
[INFO] Sun 08/03/2025  4:00:01.84 - Backing up database "test" to "C:\Users\Administrator\Documents\TTSEcomWeb-main\wdata\test_2025-08-03_ 400.archive" 
[INFO] Sun 08/03/2025  4:00:02.98 - Backup completed! 
[INFO] Sun 08/03/2025  4:00:03.07 - Old backups cleaned up. 
[INFO] Mon 08/04/2025  4:00:01.89 - Backing up database "test" to "C:\Users\Administrator\Documents\TTSEcomWeb-main\wdata\test_2025-08-04_ 400.archive" 
[INFO] Mon 08/04/2025  4:00:02.79 - Backup completed! 
[INFO] Mon 08/04/2025  4:00:02.87 - Old backups cleaned up. 
[INFO] Tue 08/05/2025  4:00:01.88 - Backing up database "test" to "C:\Users\Administrator\Documents\TTSEcomWeb-main\wdata\test_2025-08-05_ 400.archive" 
[INFO] Tue 08/05/2025  4:00:02.78 - Backup completed! 
[INFO] Tue 08/05/2025  4:00:02.85 - Old backups cleaned up. 
[INFO] Wed 08/06/2025  4:00:01.89 - Backing up database "test" to "C:\Users\Administrator\Documents\TTSEcomWeb-main\wdata\test_2025-08-06_ 400.archive" 
[INFO] Wed 08/06/2025  4:00:02.84 - Backup completed! 
[INFO] Wed 08/06/2025  4:00:02.92 - Old backups cleaned up. 
[INFO] Thu 08/07/2025  4:00:01.89 - Backing up database "test" to "C:\Users\Administrator\Documents\TTSEcomWeb-main\wdata\test_2025-08-07_ 400.archive" 
[INFO] Thu 08/07/2025  4:00:02.68 - Backup completed! 
[INFO] Thu 08/07/2025  4:00:02.75 - Old backups cleaned up. 
[INFO] Fri 08/08/2025  4:00:01.88 - Backing up database "test" to "C:\Users\Administrator\Documents\TTSEcomWeb-main\wdata\test_2025-08-08_ 400.archive" 
[INFO] Fri 08/08/2025  4:00:02.71 - Backup completed! 
[INFO] Fri 08/08/2025  4:00:02.79 - Old backups cleaned up. 
[INFO] Sat 08/09/2025  4:00:01.95 - Backing up database "test" to "C:\Users\Administrator\Documents\TTSEcomWeb-main\wdata\test_2025-08-09_ 400.archive" 
[INFO] Sat 08/09/2025  4:00:03.52 - Backup completed! 
[INFO] Sat 08/09/2025  4:00:03.60 - Old backups cleaned up. 
[INFO] Sun 08/10/2025  4:00:01.90 - Backing up database "test" to "C:\Users\Administrator\Documents\TTSEcomWeb-main\wdata\test_2025-08-10_ 400.archive" 
[INFO] Sun 08/10/2025  4:00:03.16 - Backup completed! 
[INFO] Sun 08/10/2025  4:00:03.27 - Old backups cleaned up. 
[INFO] Mon 08/11/2025  4:00:01.91 - Backing up database "test" to "C:\Users\Administrator\Documents\TTSEcomWeb-main\wdata\test_2025-08-11_ 400.archive" 
[INFO] Mon 08/11/2025  4:00:02.66 - Backup completed! 
[INFO] Mon 08/11/2025  4:00:02.74 - Old backups cleaned up. 
[INFO] Tue 08/12/2025  4:00:01.93 - Backing up database "test" to "C:\Users\Administrator\Documents\TTSEcomWeb-main\wdata\test_2025-08-12_ 400.archive" 
[INFO] Tue 08/12/2025  4:00:02.99 - Backup completed! 
[INFO] Tue 08/12/2025  4:00:03.14 - Old backups cleaned up. 
[INFO] Wed 08/13/2025  4:00:01.90 - Backing up database "test" to "C:\Users\Administrator\Documents\TTSEcomWeb-main\wdata\test_2025-08-13_ 400.archive" 
[INFO] Wed 08/13/2025  4:00:02.64 - Backup completed! 
[INFO] Wed 08/13/2025  4:00:02.71 - Old backups cleaned up. 
[INFO] Fri 08/15/2025  4:00:02.09 - Backing up database "test" to "C:\Users\Administrator\Documents\TTSEcomWeb-main\wdata\test_2025-08-15_ 400.archive" 
[INFO] Fri 08/15/2025  4:00:03.34 - Backup completed! 
[INFO] Fri 08/15/2025  4:00:03.46 - Old backups cleaned up. 
[INFO] Sat 08/16/2025  4:00:01.96 - Backing up database "test" to "C:\Users\Administrator\Documents\TTSEcomWeb-main\wdata\test_2025-08-16_ 400.archive" 
[INFO] Sat 08/16/2025  4:00:02.76 - Backup completed! 
[INFO] Sat 08/16/2025  4:00:02.82 - Old backups cleaned up. 
[INFO] Sun 08/17/2025  4:00:02.08 - Backing up database "test" to "C:\Users\Administrator\Documents\TTSEcomWeb-main\wdata\test_2025-08-17_ 400.archive" 
[INFO] Sun 08/17/2025  4:00:03.55 - Backup completed! 
[INFO] Sun 08/17/2025  4:00:03.65 - Old backups cleaned up. 
[INFO] Mon 08/18/2025  4:00:02.01 - Backing up database "test" to "C:\Users\Administrator\Documents\TTSEcomWeb-main\wdata\test_2025-08-18_ 400.archive" 
[INFO] Mon 08/18/2025  4:00:03.53 - Backup completed! 
[INFO] Mon 08/18/2025  4:00:03.63 - Old backups cleaned up. 
[INFO] Tue 08/19/2025  4:00:02.01 - Backing up database "test" to "C:\Users\Administrator\Documents\TTSEcomWeb-main\wdata\test_2025-08-19_ 400.archive" 
[INFO] Tue 08/19/2025  4:00:03.31 - Backup completed! 
[INFO] Tue 08/19/2025  4:00:03.40 - Old backups cleaned up. 
[INFO] Wed 08/20/2025  4:00:02.04 - Backing up database "test" to "C:\Users\Administrator\Documents\TTSEcomWeb-main\wdata\test_2025-08-20_ 400.archive" 
[INFO] Wed 08/20/2025  4:00:03.46 - Backup completed! 
[INFO] Wed 08/20/2025  4:00:03.57 - Old backups cleaned up. 
[INFO] Thu 08/21/2025  4:00:02.06 - Backing up database "test" to "C:\Users\Administrator\Documents\TTSEcomWeb-main\wdata\test_2025-08-21_ 400.archive" 
[INFO] Thu 08/21/2025  4:00:03.87 - Backup completed! 
[INFO] Thu 08/21/2025  4:00:03.91 - Old backups cleaned up. 
[INFO] Fri 08/22/2025  4:00:02.06 - Backing up database "test" to "C:\Users\Administrator\Documents\TTSEcomWeb-main\wdata\test_2025-08-22_ 400.archive" 
[INFO] Fri 08/22/2025  4:00:03.24 - Backup completed! 
[INFO] Fri 08/22/2025  4:00:03.32 - Old backups cleaned up. 
[INFO] Sat 08/23/2025  4:00:02.06 - Backing up database "test" to "C:\Users\Administrator\Documents\TTSEcomWeb-main\wdata\test_2025-08-23_ 400.archive" 
[INFO] Sat 08/23/2025  4:00:04.00 - Backup completed! 
[INFO] Sat 08/23/2025  4:00:04.08 - Old backups cleaned up. 
[INFO] Sun 08/24/2025  4:00:02.08 - Backing up database "test" to "C:\Users\Administrator\Documents\TTSEcomWeb-main\wdata\test_2025-08-24_ 400.archive" 
[INFO] Sun 08/24/2025  4:00:02.82 - Backup completed! 
[INFO] Sun 08/24/2025  4:00:02.91 - Old backups cleaned up. 
[INFO] Mon 08/25/2025  4:00:02.04 - Backing up database "test" to "C:\Users\Administrator\Documents\TTSEcomWeb-main\wdata\test_2025-08-25_ 400.archive" 
[INFO] Mon 08/25/2025  4:00:02.76 - Backup completed! 
[INFO] Mon 08/25/2025  4:00:02.84 - Old backups cleaned up. 
[INFO] Tue 08/26/2025  4:00:02.06 - Backing up database "test" to "C:\Users\Administrator\Documents\TTSEcomWeb-main\wdata\test_2025-08-26_ 400.archive" 
[INFO] Tue 08/26/2025  4:00:02.79 - Backup completed! 
[INFO] Tue 08/26/2025  4:00:02.86 - Old backups cleaned up. 
[INFO] Wed 08/27/2025  4:00:02.13 - Backing up database "test" to "C:\Users\Administrator\Documents\TTSEcomWeb-main\wdata\test_2025-08-27_ 400.archive" 
[INFO] Wed 08/27/2025  4:00:03.12 - Backup completed! 
[INFO] Wed 08/27/2025  4:00:03.23 - Old backups cleaned up. 
[INFO] Thu 08/28/2025  4:00:02.07 - Backing up database "test" to "C:\Users\Administrator\Documents\TTSEcomWeb-main\wdata\test_2025-08-28_ 400.archive" 
[INFO] Thu 08/28/2025  4:00:03.07 - Backup completed! 
[INFO] Thu 08/28/2025  4:00:03.22 - Old backups cleaned up. 
[INFO] Fri 08/29/2025  4:00:02.13 - Backing up database "test" to "C:\Users\Administrator\Documents\TTSEcomWeb-main\wdata\test_2025-08-29_ 400.archive" 
[INFO] Fri 08/29/2025  4:00:02.85 - Backup completed! 
[INFO] Fri 08/29/2025  4:00:02.91 - Old backups cleaned up. 
[INFO] Sat 08/30/2025  4:00:02.17 - Backing up database "test" to "C:\Users\Administrator\Documents\TTSEcomWeb-main\wdata\test_2025-08-30_ 400.archive" 
[INFO] Sat 08/30/2025  4:00:04.94 - Backup completed! 
[INFO] Sat 08/30/2025  4:00:05.02 - Old backups cleaned up. 
[INFO] Sun 08/31/2025  4:00:02.22 - Backing up database "test" to "C:\Users\Administrator\Documents\TTSEcomWeb-main\wdata\test_2025-08-31_ 400.archive" 
[INFO] Sun 08/31/2025  4:00:03.10 - Backup completed! 
[INFO] Sun 08/31/2025  4:00:03.18 - Old backups cleaned up. 
[INFO] Mon 09/01/2025  4:00:02.17 - Backing up database "test" to "C:\Users\Administrator\Documents\TTSEcomWeb-main\wdata\test_2025-09-01_ 400.archive" 
[INFO] Mon 09/01/2025  4:00:03.25 - Backup completed! 
[INFO] Mon 09/01/2025  4:00:03.38 - Old backups cleaned up. 
[INFO] Tue 09/02/2025  4:00:02.13 - Backing up database "test" to "C:\Users\Administrator\Documents\TTSEcomWeb-main\wdata\test_2025-09-02_ 400.archive" 
[INFO] Tue 09/02/2025  4:00:02.83 - Backup completed! 
[INFO] Tue 09/02/2025  4:00:02.93 - Old backups cleaned up. 
[INFO] Wed 09/03/2025  4:00:02.14 - Backing up database "test" to "C:\Users\Administrator\Documents\TTSEcomWeb-main\wdata\test_2025-09-03_ 400.archive" 
[INFO] Wed 09/03/2025  4:00:03.25 - Backup completed! 
[INFO] Wed 09/03/2025  4:00:03.40 - Old backups cleaned up. 
[INFO] Thu 09/04/2025  4:00:02.12 - Backing up database "test" to "C:\Users\Administrator\Documents\TTSEcomWeb-main\wdata\test_2025-09-04_ 400.archive" 
[INFO] Thu 09/04/2025  4:00:03.06 - Backup completed! 
[INFO] Thu 09/04/2025  4:00:03.14 - Old backups cleaned up. 
[INFO] Fri 09/05/2025  4:00:02.22 - Backing up database "test" to "C:\Users\Administrator\Documents\TTSEcomWeb-main\wdata\test_2025-09-05_ 400.archive" 
[INFO] Fri 09/05/2025  4:00:03.27 - Backup completed! 
[INFO] Fri 09/05/2025  4:00:03.46 - Old backups cleaned up. 
[INFO] Sat 09/06/2025  4:00:02.25 - Backing up database "test" to "C:\Users\Administrator\Documents\TTSEcomWeb-main\wdata\test_2025-09-06_ 400.archive" 
[INFO] Sat 09/06/2025  4:00:03.41 - Backup completed! 
[INFO] Sat 09/06/2025  4:00:03.49 - Old backups cleaned up. 
[INFO] Sun 09/07/2025  4:00:02.16 - Backing up database "test" to "C:\Users\Administrator\Documents\TTSEcomWeb-main\wdata\test_2025-09-07_ 400.archive" 
[INFO] Sun 09/07/2025  4:00:02.90 - Backup completed! 
[INFO] Sun 09/07/2025  4:00:02.99 - Old backups cleaned up. 
[INFO] Mon 09/08/2025  4:00:02.22 - Backing up database "test" to "C:\Users\Administrator\Documents\TTSEcomWeb-main\wdata\test_2025-09-08_ 400.archive" 
[INFO] Mon 09/08/2025  4:00:03.50 - Backup completed! 
[INFO] Mon 09/08/2025  4:00:03.58 - Old backups cleaned up. 
[INFO] Tue 09/09/2025  4:00:02.26 - Backing up database "test" to "C:\Users\Administrator\Documents\TTSEcomWeb-main\wdata\test_2025-09-09_ 400.archive" 
[INFO] Tue 09/09/2025  4:00:03.40 - Backup completed! 
[INFO] Tue 09/09/2025  4:00:03.50 - Old backups cleaned up. 
[INFO] Wed 09/10/2025  4:00:02.25 - Backing up database "test" to "C:\Users\Administrator\Documents\TTSEcomWeb-main\wdata\test_2025-09-10_ 400.archive" 
[INFO] Wed 09/10/2025  4:00:03.72 - Backup completed! 
[INFO] Wed 09/10/2025  4:00:03.81 - Old backups cleaned up. 
[INFO] Fri 09/12/2025  4:00:01.85 - Backing up database "test" to "C:\Users\Administrator\Documents\TTSEcomWeb-main\wdata\test_2025-09-12_ 400.archive" 
[INFO] Fri 09/12/2025  4:00:04.47 - Backup completed! 
[INFO] Fri 09/12/2025  4:00:04.61 - Old backups cleaned up. 
[INFO] Sat 09/13/2025  4:00:01.82 - Backing up database "test" to "C:\Users\Administrator\Documents\TTSEcomWeb-main\wdata\test_2025-09-13_ 400.archive" 
[INFO] Sat 09/13/2025  4:00:02.75 - Backup completed! 
[INFO] Sat 09/13/2025  4:00:02.84 - Old backups cleaned up. 
[INFO] Sun 09/14/2025  4:00:01.92 - Backing up database "test" to "C:\Users\Administrator\Documents\TTSEcomWeb-main\wdata\test_2025-09-14_ 400.archive" 
[INFO] Sun 09/14/2025  4:00:03.05 - Backup completed! 
[INFO] Sun 09/14/2025  4:00:03.19 - Old backups cleaned up. 
[INFO] Mon 09/15/2025  4:00:01.88 - Backing up database "test" to "C:\Users\Administrator\Documents\TTSEcomWeb-main\wdata\test_2025-09-15_ 400.archive" 
[INFO] Mon 09/15/2025  4:00:03.24 - Backup completed! 
[INFO] Mon 09/15/2025  4:00:03.36 - Old backups cleaned up. 
[INFO] Tue 09/16/2025  4:00:01.85 - Backing up database "test" to "C:\Users\Administrator\Documents\TTSEcomWeb-main\wdata\test_2025-09-16_ 400.archive" 
[INFO] Tue 09/16/2025  4:00:03.14 - Backup completed! 
[INFO] Tue 09/16/2025  4:00:03.22 - Old backups cleaned up. 
[INFO] Wed 09/17/2025  4:00:01.81 - Backing up database "test" to "C:\Users\Administrator\Documents\TTSEcomWeb-main\wdata\test_2025-09-17_ 400.archive" 
[INFO] Wed 09/17/2025  4:00:02.76 - Backup completed! 
[INFO] Wed 09/17/2025  4:00:02.94 - Old backups cleaned up. 
[INFO] Thu 09/18/2025  4:00:01.90 - Backing up database "test" to "C:\Users\Administrator\Documents\TTSEcomWeb-main\wdata\test_2025-09-18_ 400.archive" 
[INFO] Thu 09/18/2025  4:00:03.28 - Backup completed! 
[INFO] Thu 09/18/2025  4:00:03.38 - Old backups cleaned up. 
[INFO] Fri 09/19/2025  4:00:01.90 - Backing up database "test" to "C:\Users\Administrator\Documents\TTSEcomWeb-main\wdata\test_2025-09-19_ 400.archive" 
[INFO] Fri 09/19/2025  4:00:03.10 - Backup completed! 
[INFO] Fri 09/19/2025  4:00:03.19 - Old backups cleaned up. 
[INFO] Sat 09/20/2025  4:00:01.90 - Backing up database "test" to "C:\Users\Administrator\Documents\TTSEcomWeb-main\wdata\test_2025-09-20_ 400.archive" 
[INFO] Sat 09/20/2025  4:00:02.94 - Backup completed! 
[INFO] Sat 09/20/2025  4:00:03.11 - Old backups cleaned up. 
[INFO] Sun 09/21/2025  4:00:01.87 - Backing up database "test" to "C:\Users\Administrator\Documents\TTSEcomWeb-main\wdata\test_2025-09-21_ 400.archive" 
[INFO] Sun 09/21/2025  4:00:02.80 - Backup completed! 
[INFO] Sun 09/21/2025  4:00:02.88 - Old backups cleaned up. 
[INFO] Mon 09/22/2025  4:00:01.96 - Backing up database "test" to "C:\Users\Administrator\Documents\TTSEcomWeb-main\wdata\test_2025-09-22_ 400.archive" 
[INFO] Mon 09/22/2025  4:00:03.37 - Backup completed! 
[INFO] Mon 09/22/2025  4:00:03.46 - Old backups cleaned up. 
[INFO] Tue 09/23/2025  4:00:01.90 - Backing up database "test" to "C:\Users\Administrator\Documents\TTSEcomWeb-main\wdata\test_2025-09-23_ 400.archive" 
[INFO] Tue 09/23/2025  4:00:03.03 - Backup completed! 
[INFO] Tue 09/23/2025  4:00:03.13 - Old backups cleaned up. 
[INFO] Wed 09/24/2025  4:00:01.93 - Backing up database "test" to "C:\Users\Administrator\Documents\TTSEcomWeb-main\wdata\test_2025-09-24_ 400.archive" 
[INFO] Wed 09/24/2025  4:00:06.61 - Backup completed! 
[INFO] Wed 09/24/2025  4:00:07.27 - Old backups cleaned up. 
[INFO] Thu 09/25/2025  4:00:03.57 - Backing up database "test" to "C:\Users\Administrator\Documents\TTSEcomWeb-main\wdata\test_2025-09-25_ 400.archive" 
[INFO] Thu 09/25/2025  4:00:05.02 - Backup completed! 
[INFO] Thu 09/25/2025  4:00:05.13 - Old backups cleaned up. 
[INFO] Fri 09/26/2025  4:00:01.96 - Backing up database "test" to "C:\Users\Administrator\Documents\TTSEcomWeb-main\wdata\test_2025-09-26_ 400.archive" 
[INFO] Fri 09/26/2025  4:00:03.04 - Backup completed! 
[INFO] Fri 09/26/2025  4:00:03.27 - Old backups cleaned up. 
[INFO] Sat 09/27/2025  4:00:01.99 - Backing up database "test" to "C:\Users\Administrator\Documents\TTSEcomWeb-main\wdata\test_2025-09-27_ 400.archive" 
[INFO] Sat 09/27/2025  4:00:05.21 - Backup completed! 
[INFO] Sat 09/27/2025  4:00:05.27 - Old backups cleaned up. 
[INFO] Sun 09/28/2025  4:00:01.97 - Backing up database "test" to "C:\Users\Administrator\Documents\TTSEcomWeb-main\wdata\test_2025-09-28_ 400.archive" 
[INFO] Sun 09/28/2025  4:00:02.85 - Backup completed! 
[INFO] Sun 09/28/2025  4:00:02.95 - Old backups cleaned up. 
[INFO] Mon 09/29/2025  4:00:02.09 - Backing up database "test" to "C:\Users\Administrator\Documents\TTSEcomWeb-main\wdata\test_2025-09-29_ 400.archive" 
[INFO] Mon 09/29/2025  4:00:03.64 - Backup completed! 
[INFO] Mon 09/29/2025  4:00:03.74 - Old backups cleaned up. 
[INFO] Tue 09/30/2025  4:00:02.20 - Backing up database "test" to "C:\Users\Administrator\Documents\TTSEcomWeb-main\wdata\test_2025-09-30_ 400.archive" 
[INFO] Tue 09/30/2025  4:00:05.48 - Backup completed! 
[INFO] Tue 09/30/2025  4:00:05.74 - Old backups cleaned up. 
[INFO] Wed 10/01/2025  4:00:02.05 - Backing up database "test" to "C:\Users\Administrator\Documents\TTSEcomWeb-main\wdata\test_2025-10-01_ 400.archive" 
[INFO] Wed 10/01/2025  4:00:03.46 - Backup completed! 
[INFO] Wed 10/01/2025  4:00:03.54 - Old backups cleaned up. 
[INFO] Thu 10/02/2025  4:00:02.02 - Backing up database "test" to "C:\Users\Administrator\Documents\TTSEcomWeb-main\wdata\test_2025-10-02_ 400.archive" 
[INFO] Thu 10/02/2025  4:00:03.46 - Backup completed! 
[INFO] Thu 10/02/2025  4:00:03.55 - Old backups cleaned up. 
[INFO] Fri 10/03/2025  4:00:02.04 - Backing up database "test" to "C:\Users\Administrator\Documents\TTSEcomWeb-main\wdata\test_2025-10-03_ 400.archive" 
[INFO] Fri 10/03/2025  4:00:03.54 - Backup completed! 
[INFO] Fri 10/03/2025  4:00:03.61 - Old backups cleaned up. 
[INFO] Sat 10/04/2025  4:00:01.98 - Backing up database "test" to "C:\Users\Administrator\Documents\TTSEcomWeb-main\wdata\test_2025-10-04_ 400.archive" 
[INFO] Sat 10/04/2025  4:00:03.04 - Backup completed! 
[INFO] Sat 10/04/2025  4:00:03.11 - Old backups cleaned up. 
[INFO] Sun 10/05/2025  4:00:02.12 - Backing up database "test" to "C:\Users\Administrator\Documents\TTSEcomWeb-main\wdata\test_2025-10-05_ 400.archive" 
[INFO] Sun 10/05/2025  4:00:03.48 - Backup completed! 
[INFO] Sun 10/05/2025  4:00:03.56 - Old backups cleaned up. 
[INFO] Mon 10/06/2025  4:00:02.02 - Backing up database "test" to "C:\Users\Administrator\Documents\TTSEcomWeb-main\wdata\test_2025-10-06_ 400.archive" 
[INFO] Mon 10/06/2025  4:00:03.98 - Backup completed! 
[INFO] Mon 10/06/2025  4:00:04.91 - Old backups cleaned up. 
[INFO] Tue 10/07/2025  4:00:02.40 - Backing up database "test" to "C:\Users\Administrator\Documents\TTSEcomWeb-main\wdata\test_2025-10-07_ 400.archive" 
[INFO] Tue 10/07/2025  4:00:04.43 - Backup completed! 
[INFO] Tue 10/07/2025  4:00:04.54 - Old backups cleaned up. 
[INFO] Wed 10/08/2025  4:00:02.11 - Backing up database "test" to "C:\Users\Administrator\Documents\TTSEcomWeb-main\wdata\test_2025-10-08_ 400.archive" 
[INFO] Wed 10/08/2025  4:00:03.73 - Backup completed! 
[INFO] Wed 10/08/2025  4:00:03.83 - Old backups cleaned up. 
[INFO] Thu 10/09/2025  4:00:02.40 - Backing up database "test" to "C:\Users\Administrator\Documents\TTSEcomWeb-main\wdata\test_2025-10-09_ 400.archive" 
[INFO] Thu 10/09/2025  4:00:08.19 - Backup completed! 
[INFO] Thu 10/09/2025  4:00:08.27 - Old backups cleaned up. 
[INFO] Fri 10/10/2025  4:00:03.72 - Backing up database "test" to "C:\Users\Administrator\Documents\TTSEcomWeb-main\wdata\test_2025-10-10_ 400.archive" 
[INFO] Fri 10/10/2025  4:00:04.77 - Backup completed! 
[INFO] Fri 10/10/2025  4:00:04.89 - Old backups cleaned up. 
[INFO] Sat 10/11/2025  4:00:04.24 - Backing up database "test" to "C:\Users\Administrator\Documents\TTSEcomWeb-main\wdata\test_2025-10-11_ 400.archive" 
[INFO] Sat 10/11/2025  4:00:06.24 - Backup completed! 
[INFO] Sat 10/11/2025  4:00:06.47 - Old backups cleaned up. 
[INFO] Sun 10/12/2025  4:00:02.28 - Backing up database "test" to "C:\Users\Administrator\Documents\TTSEcomWeb-main\wdata\test_2025-10-12_ 400.archive" 
[INFO] Sun 10/12/2025  4:00:03.58 - Backup completed! 
[INFO] Sun 10/12/2025  4:00:03.71 - Old backups cleaned up. 
[INFO] Mon 10/13/2025  4:00:02.12 - Backing up database "test" to "C:\Users\Administrator\Documents\TTSEcomWeb-main\wdata\test_2025-10-13_ 400.archive" 
[INFO] Mon 10/13/2025  4:00:03.30 - Backup completed! 
[INFO] Mon 10/13/2025  4:00:03.47 - Old backups cleaned up. 
[INFO] Tue 10/14/2025  4:00:02.40 - Backing up database "test" to "C:\Users\Administrator\Documents\TTSEcomWeb-main\wdata\test_2025-10-14_ 400.archive" 
[INFO] Tue 10/14/2025  4:00:04.42 - Backup completed! 
[INFO] Tue 10/14/2025  4:00:04.52 - Old backups cleaned up. 
[INFO] Wed 10/15/2025  4:00:02.11 - Backing up database "test" to "C:\Users\Administrator\Documents\TTSEcomWeb-main\wdata\test_2025-10-15_ 400.archive" 
[INFO] Wed 10/15/2025  4:00:03.90 - Backup completed! 
[INFO] Wed 10/15/2025  4:00:03.99 - Old backups cleaned up. 
[INFO] Wed 10/22/2025  4:00:02.05 - Backing up database "test" to "C:\Users\Administrator\Documents\TTSEcomWeb-main\wdata\test_2025-10-22_ 400.archive" 
[INFO] Wed 10/22/2025  4:00:04.12 - Backup completed! 
[INFO] Wed 10/22/2025  4:00:04.51 - Old backups cleaned up. 
[INFO] Thu 10/23/2025  4:00:02.04 - Backing up database "test" to "C:\Users\Administrator\Documents\TTSEcomWeb-main\wdata\test_2025-10-23_ 400.archive" 
[INFO] Thu 10/23/2025  4:00:03.58 - Backup completed! 
[INFO] Thu 10/23/2025  4:00:03.63 - Old backups cleaned up. 
[INFO] Fri 10/24/2025  4:00:02.20 - Backing up database "test" to "C:\Users\Administrator\Documents\TTSEcomWeb-main\wdata\test_2025-10-24_ 400.archive" 
[INFO] Fri 10/24/2025  4:00:04.01 - Backup completed! 
[INFO] Fri 10/24/2025  4:00:04.05 - Old backups cleaned up. 
[INFO] Sat 10/25/2025  4:00:02.13 - Backing up database "test" to "C:\Users\Administrator\Documents\TTSEcomWeb-main\wdata\test_2025-10-25_ 400.archive" 
[INFO] Sat 10/25/2025  4:00:03.79 - Backup completed! 
[INFO] Sat 10/25/2025  4:00:03.86 - Old backups cleaned up. 
[INFO] Sun 10/26/2025  4:00:02.06 - Backing up database "test" to "C:\Users\Administrator\Documents\TTSEcomWeb-main\wdata\test_2025-10-26_ 400.archive" 
[INFO] Sun 10/26/2025  4:00:04.23 - Backup completed! 
[INFO] Sun 10/26/2025  4:00:04.29 - Old backups cleaned up. 
[INFO] Mon 10/27/2025  4:00:02.14 - Backing up database "test" to "C:\Users\Administrator\Documents\TTSEcomWeb-main\wdata\test_2025-10-27_ 400.archive" 
[INFO] Mon 10/27/2025  4:00:04.04 - Backup completed! 
[INFO] Mon 10/27/2025  4:00:04.09 - Old backups cleaned up. 
[INFO] Tue 10/28/2025  4:00:02.07 - Backing up database "test" to "C:\Users\Administrator\Documents\TTSEcomWeb-main\wdata\test_2025-10-28_ 400.archive" 
[INFO] Tue 10/28/2025  4:00:03.79 - Backup completed! 
[INFO] Tue 10/28/2025  4:00:03.83 - Old backups cleaned up. 
[INFO] Wed 10/29/2025  4:00:02.11 - Backing up database "test" to "C:\Users\Administrator\Documents\TTSEcomWeb-main\wdata\test_2025-10-29_ 400.archive" 
[INFO] Wed 10/29/2025  4:00:03.92 - Backup completed! 
[INFO] Wed 10/29/2025  4:00:04.02 - Old backups cleaned up. 
[INFO] Thu 10/30/2025  4:00:02.11 - Backing up database "test" to "C:\Users\Administrator\Documents\TTSEcomWeb-main\wdata\test_2025-10-30_ 400.archive" 
[INFO] Thu 10/30/2025  4:00:03.72 - Backup completed! 
[INFO] Thu 10/30/2025  4:00:03.81 - Old backups cleaned up. 
[INFO] Fri 10/31/2025  4:00:02.11 - Backing up database "test" to "C:\Users\Administrator\Documents\TTSEcomWeb-main\wdata\test_2025-10-31_ 400.archive" 
[INFO] Fri 10/31/2025  4:00:04.14 - Backup completed! 
[INFO] Fri 10/31/2025  4:00:04.24 - Old backups cleaned up. 
[INFO] Sat 11/01/2025  4:00:02.18 - Backing up database "test" to "C:\Users\Administrator\Documents\TTSEcomWeb-main\wdata\test_2025-11-01_ 400.archive" 
[INFO] Sat 11/01/2025  4:00:03.77 - Backup completed! 
[INFO] Sat 11/01/2025  4:00:03.84 - Old backups cleaned up. 
[INFO] Sun 11/02/2025  4:00:02.09 - Backing up database "test" to "C:\Users\Administrator\Documents\TTSEcomWeb-main\wdata\test_2025-11-02_ 400.archive" 
[INFO] Sun 11/02/2025  4:00:04.00 - Backup completed! 
[INFO] Sun 11/02/2025  4:00:04.12 - Old backups cleaned up. 
[INFO] Mon 11/03/2025  4:00:02.20 - Backing up database "test" to "C:\Users\Administrator\Documents\TTSEcomWeb-main\wdata\test_2025-11-03_ 400.archive" 
[INFO] Mon 11/03/2025  4:00:03.62 - Backup completed! 
[INFO] Mon 11/03/2025  4:00:03.70 - Old backups cleaned up. 
[INFO] Tue 11/04/2025  4:00:02.18 - Backing up database "test" to "C:\Users\Administrator\Documents\TTSEcomWeb-main\wdata\test_2025-11-04_ 400.archive" 
[INFO] Tue 11/04/2025  4:00:03.19 - Backup completed! 
[INFO] Tue 11/04/2025  4:00:03.31 - Old backups cleaned up. 
[INFO] Wed 11/05/2025  4:00:02.15 - Backing up database "test" to "C:\Users\Administrator\Documents\TTSEcomWeb-main\wdata\test_2025-11-05_ 400.archive" 
[INFO] Wed 11/05/2025  4:00:03.31 - Backup completed! 
[INFO] Wed 11/05/2025  4:00:03.40 - Old backups cleaned up. 
[INFO] Thu 11/06/2025  4:00:02.16 - Backing up database "test" to "C:\Users\Administrator\Documents\TTSEcomWeb-main\wdata\test_2025-11-06_ 400.archive" 
[INFO] Thu 11/06/2025  4:00:03.21 - Backup completed! 
[INFO] Thu 11/06/2025  4:00:03.32 - Old backups cleaned up. 
[INFO] Fri 11/07/2025  4:00:02.18 - Backing up database "test" to "C:\Users\Administrator\Documents\TTSEcomWeb-main\wdata\test_2025-11-07_ 400.archive" 
[INFO] Fri 11/07/2025  4:00:03.81 - Backup completed! 
[INFO] Fri 11/07/2025  4:00:03.92 - Old backups cleaned up. 
[INFO] Sat 11/08/2025  4:00:02.14 - Backing up database "test" to "C:\Users\Administrator\Documents\TTSEcomWeb-main\wdata\test_2025-11-08_ 400.archive" 
[INFO] Sat 11/08/2025  4:00:03.55 - Backup completed! 
[INFO] Sat 11/08/2025  4:00:03.65 - Old backups cleaned up. 
[INFO] Sun 11/09/2025  4:00:02.25 - Backing up database "test" to "C:\Users\Administrator\Documents\TTSEcomWeb-main\wdata\test_2025-11-09_ 400.archive" 
[INFO] Sun 11/09/2025  4:00:04.07 - Backup completed! 
[INFO] Sun 11/09/2025  4:00:04.17 - Old backups cleaned up. 
[INFO] Mon 11/10/2025  4:00:02.12 - Backing up database "test" to "C:\Users\Administrator\Documents\TTSEcomWeb-main\wdata\test_2025-11-10_ 400.archive" 
[INFO] Mon 11/10/2025  4:00:03.49 - Backup completed! 
[INFO] Mon 11/10/2025  4:00:03.57 - Old backups cleaned up. 
[INFO] Tue 11/11/2025  4:00:02.12 - Backing up database "test" to "C:\Users\Administrator\Documents\TTSEcomWeb-main\wdata\test_2025-11-11_ 400.archive" 
[INFO] Tue 11/11/2025  4:00:03.56 - Backup completed! 
[INFO] Tue 11/11/2025  4:00:03.65 - Old backups cleaned up. 
[INFO] Wed 11/12/2025  4:00:02.37 - Backing up database "test" to "C:\Users\Administrator\Documents\TTSEcomWeb-main\wdata\test_2025-11-12_ 400.archive" 
[INFO] Wed 11/12/2025  4:00:04.41 - Backup completed! 
[INFO] Wed 11/12/2025  4:00:04.54 - Old backups cleaned up. 
[INFO] Fri 11/21/2025  4:00:01.46 - Backing up database "test" to "C:\Users\Administrator\Documents\TTSEcomWeb-main\wdata\test_2025-11-21_ 400.archive" 
[INFO] Fri 11/21/2025  4:00:02.46 - Backup completed! 
[INFO] Fri 11/21/2025  4:00:02.85 - Old backups cleaned up. 
[INFO] Sat 11/22/2025  4:00:01.57 - Backing up database "test" to "C:\Users\Administrator\Documents\TTSEcomWeb-main\wdata\test_2025-11-22_ 400.archive" 
[INFO] Sat 11/22/2025  4:00:02.47 - Backup completed! 
[INFO] Sat 11/22/2025  4:00:02.54 - Old backups cleaned up. 
[INFO] Sun 11/23/2025  4:00:01.50 - Backing up database "test" to "C:\Users\Administrator\Documents\TTSEcomWeb-main\wdata\test_2025-11-23_ 400.archive" 
[INFO] Sun 11/23/2025  4:00:02.39 - Backup completed! 
[INFO] Sun 11/23/2025  4:00:02.45 - Old backups cleaned up. 
[INFO] Mon 11/24/2025  4:00:01.49 - Backing up database "test" to "C:\Users\Administrator\Documents\TTSEcomWeb-main\wdata\test_2025-11-24_ 400.archive" 
[INFO] Mon 11/24/2025  4:00:02.25 - Backup completed! 
[INFO] Mon 11/24/2025  4:00:02.29 - Old backups cleaned up. 
[INFO] Tue 11/25/2025  4:00:01.58 - Backing up database "test" to "C:\Users\Administrator\Documents\TTSEcomWeb-main\wdata\test_2025-11-25_ 400.archive" 
[INFO] Tue 11/25/2025  4:00:02.59 - Backup completed! 
[INFO] Tue 11/25/2025  4:00:02.65 - Old backups cleaned up. 
[INFO] Wed 11/26/2025  4:00:01.60 - Backing up database "test" to "C:\Users\Administrator\Documents\TTSEcomWeb-main\wdata\test_2025-11-26_ 400.archive" 
[INFO] Wed 11/26/2025  4:00:02.61 - Backup completed! 
[INFO] Wed 11/26/2025  4:00:02.66 - Old backups cleaned up. 
[INFO] Thu 11/27/2025  4:00:01.60 - Backing up database "test" to "C:\Users\Administrator\Documents\TTSEcomWeb-main\wdata\test_2025-11-27_ 400.archive" 
[INFO] Thu 11/27/2025  4:00:03.63 - Backup completed! 
[INFO] Thu 11/27/2025  4:00:03.70 - Old backups cleaned up. 
[INFO] Fri 11/28/2025  4:00:01.57 - Backing up database "test" to "C:\Users\Administrator\Documents\TTSEcomWeb-main\wdata\test_2025-11-28_ 400.archive" 
[INFO] Fri 11/28/2025  4:00:02.49 - Backup completed! 
[INFO] Fri 11/28/2025  4:00:02.58 - Old backups cleaned up. 
[INFO] Sat 11/29/2025  4:00:01.58 - Backing up database "test" to "C:\Users\Administrator\Documents\TTSEcomWeb-main\wdata\test_2025-11-29_ 400.archive" 
[INFO] Sat 11/29/2025  4:00:02.46 - Backup completed! 
[INFO] Sat 11/29/2025  4:00:02.57 - Old backups cleaned up. 
[INFO] Sun 11/30/2025  4:00:01.63 - Backing up database "test" to "C:\Users\Administrator\Documents\TTSEcomWeb-main\wdata\test_2025-11-30_ 400.archive" 
[INFO] Sun 11/30/2025  4:00:03.56 - Backup completed! 
[INFO] Sun 11/30/2025  4:00:03.66 - Old backups cleaned up. 
[INFO] Mon 12/01/2025  4:00:01.53 - Backing up database "test" to "C:\Users\Administrator\Documents\TTSEcomWeb-main\wdata\test_2025-12-01_ 400.archive" 
[INFO] Mon 12/01/2025  4:00:02.90 - Backup completed! 
[INFO] Mon 12/01/2025  4:00:03.00 - Old backups cleaned up. 
[INFO] Tue 12/02/2025  4:00:01.57 - Backing up database "test" to "C:\Users\Administrator\Documents\TTSEcomWeb-main\wdata\test_2025-12-02_ 400.archive" 
[INFO] Tue 12/02/2025  4:00:02.76 - Backup completed! 
[INFO] Tue 12/02/2025  4:00:02.85 - Old backups cleaned up. 
[INFO] Wed 12/03/2025  4:00:01.58 - Backing up database "test" to "C:\Users\Administrator\Documents\TTSEcomWeb-main\wdata\test_2025-12-03_ 400.archive" 
[INFO] Wed 12/03/2025  4:00:02.79 - Backup completed! 
[INFO] Wed 12/03/2025  4:00:02.88 - Old backups cleaned up. 
[INFO] Thu 12/04/2025  4:00:01.67 - Backing up database "test" to "C:\Users\Administrator\Documents\TTSEcomWeb-main\wdata\test_2025-12-04_ 400.archive" 
[INFO] Thu 12/04/2025  4:00:03.13 - Backup completed! 
[INFO] Thu 12/04/2025  4:00:03.27 - Old backups cleaned up. 
[INFO] Fri 12/05/2025  4:00:01.57 - Backing up database "test" to "C:\Users\Administrator\Documents\TTSEcomWeb-main\wdata\test_2025-12-05_ 400.archive" 
[INFO] Fri 12/05/2025  4:00:02.40 - Backup completed! 
[INFO] Fri 12/05/2025  4:00:02.50 - Old backups cleaned up. 
[INFO] Sat 12/06/2025  4:00:01.56 - Backing up database "test" to "C:\Users\Administrator\Documents\TTSEcomWeb-main\wdata\test_2025-12-06_ 400.archive" 
[INFO] Sat 12/06/2025  4:00:02.42 - Backup completed! 
[INFO] Sat 12/06/2025  4:00:02.52 - Old backups cleaned up. 
[INFO] Sun 12/07/2025  4:00:01.60 - Backing up database "test" to "C:\Users\Administrator\Documents\TTSEcomWeb-main\wdata\test_2025-12-07_ 400.archive" 
[INFO] Sun 12/07/2025  4:00:02.53 - Backup completed! 
[INFO] Sun 12/07/2025  4:00:02.65 - Old backups cleaned up. 
[INFO] Mon 12/08/2025  4:00:01.63 - Backing up database "test" to "C:\Users\Administrator\Documents\TTSEcomWeb-main\wdata\test_2025-12-08_ 400.archive" 
[INFO] Mon 12/08/2025  4:00:02.65 - Backup completed! 
[INFO] Mon 12/08/2025  4:00:02.81 - Old backups cleaned up. 
[INFO] Tue 12/09/2025  4:00:01.60 - Backing up database "test" to "C:\Users\Administrator\Documents\TTSEcomWeb-main\wdata\test_2025-12-09_ 400.archive" 
[INFO] Tue 12/09/2025  4:00:02.56 - Backup completed! 
[INFO] Tue 12/09/2025  4:00:02.65 - Old backups cleaned up. 
[INFO] Wed 12/10/2025  4:00:01.61 - Backing up database "test" to "C:\Users\Administrator\Documents\TTSEcomWeb-main\wdata\test_2025-12-10_ 400.archive" 
[INFO] Wed 12/10/2025  4:00:02.37 - Backup completed! 
[INFO] Wed 12/10/2025  4:00:02.47 - Old backups cleaned up. 
[INFO] Thu 12/11/2025  4:00:01.65 - Backing up database "test" to "C:\Users\Administrator\Documents\TTSEcomWeb-main\wdata\test_2025-12-11_ 400.archive" 
[INFO] Thu 12/11/2025  4:00:02.66 - Backup completed! 
[INFO] Thu 12/11/2025  4:00:02.75 - Old backups cleaned up. 
[INFO] Fri 12/12/2025  4:00:01.63 - Backing up database "test" to "C:\Users\Administrator\Documents\TTSEcomWeb-main\wdata\test_2025-12-12_ 400.archive" 
[INFO] Fri 12/12/2025  4:00:02.47 - Backup completed! 
[INFO] Fri 12/12/2025  4:00:02.56 - Old backups cleaned up. 
[INFO] Sat 12/13/2025  4:00:01.69 - Backing up database "test" to "C:\Users\Administrator\Documents\TTSEcomWeb-main\wdata\test_2025-12-13_ 400.archive" 
[INFO] Sat 12/13/2025  4:00:03.26 - Backup completed! 
[INFO] Sat 12/13/2025  4:00:03.35 - Old backups cleaned up. 
[INFO] Sun 12/14/2025  4:00:01.64 - Backing up database "test" to "C:\Users\Administrator\Documents\TTSEcomWeb-main\wdata\test_2025-12-14_ 400.archive" 
[INFO] Sun 12/14/2025  4:00:02.54 - Backup completed! 
[INFO] Sun 12/14/2025  4:00:02.64 - Old backups cleaned up. 
[INFO] Mon 12/15/2025  4:00:01.70 - Backing up database "test" to "C:\Users\Administrator\Documents\TTSEcomWeb-main\wdata\test_2025-12-15_ 400.archive" 
[INFO] Mon 12/15/2025  4:00:02.71 - Backup completed! 
[INFO] Mon 12/15/2025  4:00:02.81 - Old backups cleaned up. 
[INFO] Tue 12/16/2025  4:00:01.67 - Backing up database "test" to "C:\Users\Administrator\Documents\TTSEcomWeb-main\wdata\test_2025-12-16_ 400.archive" 
[INFO] Tue 12/16/2025  4:00:02.42 - Backup completed! 
[INFO] Tue 12/16/2025  4:00:02.49 - Old backups cleaned up. 
[INFO] Wed 12/17/2025  4:00:01.72 - Backing up database "test" to "C:\Users\Administrator\Documents\TTSEcomWeb-main\wdata\test_2025-12-17_ 400.archive" 
[INFO] Wed 12/17/2025  4:00:03.37 - Backup completed! 
[INFO] Wed 12/17/2025  4:00:03.46 - Old backups cleaned up. 
[INFO] Thu 12/18/2025  4:00:01.69 - Backing up database "test" to "C:\Users\Administrator\Documents\TTSEcomWeb-main\wdata\test_2025-12-18_ 400.archive" 
[INFO] Thu 12/18/2025  4:00:02.75 - Backup completed! 
[INFO] Thu 12/18/2025  4:00:02.85 - Old backups cleaned up. 
[INFO] Fri 12/19/2025  4:00:01.66 - Backing up database "test" to "C:\Users\Administrator\Documents\TTSEcomWeb-main\wdata\test_2025-12-19_ 400.archive" 
[INFO] Fri 12/19/2025  4:00:02.76 - Backup completed! 
[INFO] Fri 12/19/2025  4:00:02.90 - Old backups cleaned up. 
[INFO] Sat 12/20/2025  4:00:01.74 - Backing up database "test" to "C:\Users\Administrator\Documents\TTSEcomWeb-main\wdata\test_2025-12-20_ 400.archive" 
[INFO] Sat 12/20/2025  4:00:03.04 - Backup completed! 
[INFO] Sat 12/20/2025  4:00:03.13 - Old backups cleaned up. 
[INFO] Sun 12/21/2025  4:00:01.71 - Backing up database "test" to "C:\Users\Administrator\Documents\TTSEcomWeb-main\wdata\test_2025-12-21_ 400.archive" 
[INFO] Sun 12/21/2025  4:00:03.20 - Backup completed! 
[INFO] Sun 12/21/2025  4:00:03.32 - Old backups cleaned up. 
[INFO] Mon 12/22/2025  4:00:01.86 - Backing up database "test" to "C:\Users\Administrator\Documents\TTSEcomWeb-main\wdata\test_2025-12-22_ 400.archive" 
[INFO] Mon 12/22/2025  4:00:03.17 - Backup completed! 
[INFO] Mon 12/22/2025  4:00:03.26 - Old backups cleaned up. 
[INFO] Tue 12/23/2025  4:00:02.06 - Backing up database "test" to "C:\Users\Administrator\Documents\TTSEcomWeb-main\wdata\test_2025-12-23_ 400.archive" 
[INFO] Tue 12/23/2025  4:00:04.00 - Backup completed! 
[INFO] Tue 12/23/2025  4:00:04.10 - Old backups cleaned up. 
[INFO] Wed 12/24/2025  4:00:01.90 - Backing up database "test" to "C:\Users\Administrator\Documents\TTSEcomWeb-main\wdata\test_2025-12-24_ 400.archive" 
[INFO] Wed 12/24/2025  4:00:03.43 - Backup completed! 
[INFO] Wed 12/24/2025  4:00:03.52 - Old backups cleaned up. 
[INFO] Thu 12/25/2025  4:00:01.91 - Backing up database "test" to "C:\Users\Administrator\Documents\TTSEcomWeb-main\wdata\test_2025-12-25_ 400.archive" 
[INFO] Thu 12/25/2025  4:00:03.68 - Backup completed! 
[INFO] Thu 12/25/2025  4:00:03.76 - Old backups cleaned up. 
[INFO] Fri 12/26/2025  4:00:01.78 - Backing up database "test" to "C:\Users\Administrator\Documents\TTSEcomWeb-main\wdata\test_2025-12-26_ 400.archive" 
[INFO] Fri 12/26/2025  4:00:02.75 - Backup completed! 
[INFO] Fri 12/26/2025  4:00:02.83 - Old backups cleaned up. 
[INFO] Sat 12/27/2025  4:00:01.83 - Backing up database "test" to "C:\Users\Administrator\Documents\TTSEcomWeb-main\wdata\test_2025-12-27_ 400.archive" 
[INFO] Sat 12/27/2025  4:00:02.74 - Backup completed! 
[INFO] Sat 12/27/2025  4:00:02.82 - Old backups cleaned up. 
[INFO] Sun 12/28/2025  4:00:01.78 - Backing up database "test" to "C:\Users\Administrator\Documents\TTSEcomWeb-main\wdata\test_2025-12-28_ 400.archive" 
[INFO] Sun 12/28/2025  4:00:03.14 - Backup completed! 
[INFO] Sun 12/28/2025  4:00:03.23 - Old backups cleaned up. 
[INFO] Mon 12/29/2025  4:00:01.84 - Backing up database "test" to "C:\Users\Administrator\Documents\TTSEcomWeb-main\wdata\test_2025-12-29_ 400.archive" 
[INFO] Mon 12/29/2025  4:00:02.97 - Backup completed! 
[INFO] Mon 12/29/2025  4:00:03.05 - Old backups cleaned up. 
[INFO] Tue 12/30/2025  4:00:01.87 - Backing up database "test" to "C:\Users\Administrator\Documents\TTSEcomWeb-main\wdata\test_2025-12-30_ 400.archive" 
[INFO] Tue 12/30/2025  4:00:03.04 - Backup completed! 
[INFO] Tue 12/30/2025  4:00:03.12 - Old backups cleaned up. 
[INFO] Wed 12/31/2025  4:00:01.78 - Backing up database "test" to "C:\Users\Administrator\Documents\TTSEcomWeb-main\wdata\test_2025-12-31_ 400.archive" 
[INFO] Wed 12/31/2025  4:00:02.90 - Backup completed! 
[INFO] Wed 12/31/2025  4:00:03.00 - Old backups cleaned up. 
[INFO] Thu 01/01/2026  4:00:01.76 - Backing up database "test" to "C:\Users\Administrator\Documents\TTSEcomWeb-main\wdata\test_2026-01-01_ 400.archive" 
[INFO] Thu 01/01/2026  4:00:02.95 - Backup completed! 
[INFO] Thu 01/01/2026  4:00:03.03 - Old backups cleaned up. 
[INFO] Fri 01/02/2026  4:00:01.76 - Backing up database "test" to "C:\Users\Administrator\Documents\TTSEcomWeb-main\wdata\test_2026-01-02_ 400.archive" 
[INFO] Fri 01/02/2026  4:00:02.82 - Backup completed! 
[INFO] Fri 01/02/2026  4:00:02.93 - Old backups cleaned up. 
[INFO] Sat 01/03/2026  4:00:01.93 - Backing up database "test" to "C:\Users\Administrator\Documents\TTSEcomWeb-main\wdata\test_2026-01-03_ 400.archive" 
[INFO] Sat 01/03/2026  4:00:03.10 - Backup completed! 
[INFO] Sat 01/03/2026  4:00:03.24 - Old backups cleaned up. 
[INFO] Sun 01/04/2026  4:00:01.87 - Backing up database "test" to "C:\Users\Administrator\Documents\TTSEcomWeb-main\wdata\test_2026-01-04_ 400.archive" 
[INFO] Sun 01/04/2026  4:00:02.92 - Backup completed! 
[INFO] Sun 01/04/2026  4:00:03.00 - Old backups cleaned up. 
[INFO] Mon 01/05/2026  4:00:02.03 - Backing up database "test" to "C:\Users\Administrator\Documents\TTSEcomWeb-main\wdata\test_2026-01-05_ 400.archive" 
[INFO] Mon 01/05/2026  4:00:03.56 - Backup completed! 
[INFO] Mon 01/05/2026  4:00:03.75 - Old backups cleaned up. 
[INFO] Tue 01/06/2026  4:00:02.00 - Backing up database "test" to "C:\Users\Administrator\Documents\TTSEcomWeb-main\wdata\test_2026-01-06_ 400.archive" 
[INFO] Tue 01/06/2026  4:00:03.31 - Backup completed! 
[INFO] Tue 01/06/2026  4:00:03.40 - Old backups cleaned up. 
[INFO] Wed 01/07/2026  4:00:01.81 - Backing up database "test" to "C:\Users\Administrator\Documents\TTSEcomWeb-main\wdata\test_2026-01-07_ 400.archive" 
[INFO] Wed 01/07/2026  4:00:03.14 - Backup completed! 
[INFO] Wed 01/07/2026  4:00:03.26 - Old backups cleaned up. 
[INFO] Thu 01/08/2026  4:00:02.32 - Backing up database "test" to "C:\Users\Administrator\Documents\TTSEcomWeb-main\wdata\test_2026-01-08_ 400.archive" 
[INFO] Thu 01/08/2026  4:00:03.83 - Backup completed! 
[INFO] Thu 01/08/2026  4:00:03.90 - Old backups cleaned up. 
[INFO] Fri 01/09/2026  4:00:02.13 - Backing up database "test" to "C:\Users\Administrator\Documents\TTSEcomWeb-main\wdata\test_2026-01-09_ 400.archive" 
[INFO] Fri 01/09/2026  4:00:03.81 - Backup completed! 
[INFO] Fri 01/09/2026  4:00:03.89 - Old backups cleaned up. 
[INFO] Sat 01/10/2026  4:00:01.83 - Backing up database "test" to "C:\Users\Administrator\Documents\TTSEcomWeb-main\wdata\test_2026-01-10_ 400.archive" 
[INFO] Sat 01/10/2026  4:00:02.84 - Backup completed! 
[INFO] Sat 01/10/2026  4:00:02.93 - Old backups cleaned up. 
[INFO] Sun 01/11/2026  4:00:01.98 - Backing up database "test" to "C:\Users\Administrator\Documents\TTSEcomWeb-main\wdata\test_2026-01-11_ 400.archive" 
[INFO] Sun 01/11/2026  4:00:03.40 - Backup completed! 
[INFO] Sun 01/11/2026  4:00:03.51 - Old backups cleaned up. 
[INFO] Mon 01/12/2026  4:00:02.36 - Backing up database "test" to "C:\Users\Administrator\Documents\TTSEcomWeb-main\wdata\test_2026-01-12_ 400.archive" 
[INFO] Mon 01/12/2026  4:00:04.01 - Backup completed! 
[INFO] Mon 01/12/2026  4:00:04.13 - Old backups cleaned up. 
[INFO] Tue 01/13/2026  4:00:01.92 - Backing up database "test" to "C:\Users\Administrator\Documents\TTSEcomWeb-main\wdata\test_2026-01-13_ 400.archive" 
[INFO] Tue 01/13/2026  4:00:03.20 - Backup completed! 
[INFO] Tue 01/13/2026  4:00:03.29 - Old backups cleaned up. 
[INFO] Wed 01/14/2026  4:00:01.95 - Backing up database "test" to "C:\Users\Administrator\Documents\TTSEcomWeb-main\wdata\test_2026-01-14_ 400.archive" 
[INFO] Wed 01/14/2026  4:00:03.31 - Backup completed! 
[INFO] Wed 01/14/2026  4:00:03.42 - Old backups cleaned up. 
[INFO] Thu 01/15/2026  4:00:01.87 - Backing up database "test" to "C:\Users\Administrator\Documents\TTSEcomWeb-main\wdata\test_2026-01-15_ 400.archive" 
[INFO] Thu 01/15/2026  4:00:03.19 - Backup completed! 
[INFO] Thu 01/15/2026  4:00:03.28 - Old backups cleaned up. 
[INFO] Fri 01/16/2026  4:00:01.93 - Backing up database "test" to "C:\Users\Administrator\Documents\TTSEcomWeb-main\wdata\test_2026-01-16_ 400.archive" 
[INFO] Fri 01/16/2026  4:00:03.34 - Backup completed! 
[INFO] Fri 01/16/2026  4:00:03.42 - Old backups cleaned up. 
[INFO] Sat 01/17/2026  4:00:02.21 - Backing up database "test" to "C:\Users\Administrator\Documents\TTSEcomWeb-main\wdata\test_2026-01-17_ 400.archive" 
[INFO] Sat 01/17/2026  4:00:03.90 - Backup completed! 
[INFO] Sat 01/17/2026  4:00:03.97 - Old backups cleaned up. 
[INFO] Sun 01/18/2026  4:00:01.93 - Backing up database "test" to "C:\Users\Administrator\Documents\TTSEcomWeb-main\wdata\test_2026-01-18_ 400.archive" 
[INFO] Sun 01/18/2026  4:00:03.00 - Backup completed! 
[INFO] Sun 01/18/2026  4:00:03.12 - Old backups cleaned up. 
[INFO] Mon 01/19/2026  4:00:02.06 - Backing up database "test" to "C:\Users\Administrator\Documents\TTSEcomWeb-main\wdata\test_2026-01-19_ 400.archive" 
[INFO] Mon 01/19/2026  4:00:03.49 - Backup completed! 
[INFO] Mon 01/19/2026  4:00:03.61 - Old backups cleaned up. 
[INFO] Tue 01/20/2026  4:00:02.00 - Backing up database "test" to "C:\Users\Administrator\Documents\TTSEcomWeb-main\wdata\test_2026-01-20_ 400.archive" 
[INFO] Tue 01/20/2026  4:00:03.34 - Backup completed! 
[INFO] Tue 01/20/2026  4:00:03.43 - Old backups cleaned up. 
[INFO] Wed 01/21/2026  4:00:02.05 - Backing up database "test" to "C:\Users\Administrator\Documents\TTSEcomWeb-main\wdata\test_2026-01-21_ 400.archive" 
[INFO] Wed 01/21/2026  4:00:03.41 - Backup completed! 
[INFO] Wed 01/21/2026  4:00:03.53 - Old backups cleaned up. 
[INFO] Thu 01/22/2026  4:00:02.17 - Backing up database "test" to "C:\Users\Administrator\Documents\TTSEcomWeb-main\wdata\test_2026-01-22_ 400.archive" 
[INFO] Thu 01/22/2026  4:00:03.73 - Backup completed! 
[INFO] Thu 01/22/2026  4:00:03.86 - Old backups cleaned up. 
[INFO] Fri 01/23/2026  4:00:01.96 - Backing up database "test" to "C:\Users\Administrator\Documents\TTSEcomWeb-main\wdata\test_2026-01-23_ 400.archive" 
[INFO] Fri 01/23/2026  4:00:03.22 - Backup completed! 
[INFO] Fri 01/23/2026  4:00:03.38 - Old backups cleaned up. 
[INFO] Sat 01/24/2026  4:00:01.98 - Backing up database "test" to "C:\Users\Administrator\Documents\TTSEcomWeb-main\wdata\test_2026-01-24_ 400.archive" 
[INFO] Sat 01/24/2026  4:00:03.32 - Backup completed! 
[INFO] Sat 01/24/2026  4:00:03.42 - Old backups cleaned up. 
[INFO] Sun 01/25/2026  4:00:02.06 - Backing up database "test" to "C:\Users\Administrator\Documents\TTSEcomWeb-main\wdata\test_2026-01-25_ 400.archive" 
[INFO] Sun 01/25/2026  4:00:03.57 - Backup completed! 
[INFO] Sun 01/25/2026  4:00:03.72 - Old backups cleaned up. 
[INFO] Mon 01/26/2026  4:00:01.97 - Backing up database "test" to "C:\Users\Administrator\Documents\TTSEcomWeb-main\wdata\test_2026-01-26_ 400.archive" 
[INFO] Mon 01/26/2026  4:00:02.86 - Backup completed! 
[INFO] Mon 01/26/2026  4:00:02.96 - Old backups cleaned up. 
[INFO] Tue 01/27/2026  4:00:02.07 - Backing up database "test" to "C:\Users\Administrator\Documents\TTSEcomWeb-main\wdata\test_2026-01-27_ 400.archive" 
[INFO] Tue 01/27/2026  4:00:03.57 - Backup completed! 
[INFO] Tue 01/27/2026  4:00:03.74 - Old backups cleaned up. 
[INFO] Wed 01/28/2026  4:00:02.08 - Backing up database "test" to "C:\Users\Administrator\Documents\TTSEcomWeb-main\wdata\test_2026-01-28_ 400.archive" 
[INFO] Wed 01/28/2026  4:00:03.24 - Backup completed! 
[INFO] Wed 01/28/2026  4:00:03.38 - Old backups cleaned up. 
[INFO] Thu 01/29/2026  4:00:02.12 - Backing up database "test" to "C:\Users\Administrator\Documents\TTSEcomWeb-main\wdata\test_2026-01-29_ 400.archive" 
[INFO] Thu 01/29/2026  4:00:03.46 - Backup completed! 
[INFO] Thu 01/29/2026  4:00:03.55 - Old backups cleaned up. 
[INFO] Fri 01/30/2026  4:00:02.27 - Backing up database "test" to "C:\Users\Administrator\Documents\TTSEcomWeb-main\wdata\test_2026-01-30_ 400.archive" 
[INFO] Fri 01/30/2026  4:00:03.48 - Backup completed! 
[INFO] Fri 01/30/2026  4:00:03.56 - Old backups cleaned up. 
[INFO] Sat 01/31/2026  4:00:02.06 - Backing up database "test" to "C:\Users\Administrator\Documents\TTSEcomWeb-main\wdata\test_2026-01-31_ 400.archive" 
[INFO] Sat 01/31/2026  4:00:03.10 - Backup completed! 
[INFO] Sat 01/31/2026  4:00:03.28 - Old backups cleaned up. 
[INFO] Sun 02/01/2026  4:00:02.29 - Backing up database "test" to "C:\Users\Administrator\Documents\TTSEcomWeb-main\wdata\test_2026-02-01_ 400.archive" 
[INFO] Sun 02/01/2026  4:00:03.94 - Backup completed! 
[INFO] Sun 02/01/2026  4:00:04.05 - Old backups cleaned up. 
[INFO] Mon 02/02/2026  4:00:02.05 - Backing up database "test" to "C:\Users\Administrator\Documents\TTSEcomWeb-main\wdata\test_2026-02-02_ 400.archive" 
[INFO] Mon 02/02/2026  4:00:03.42 - Backup completed! 
[INFO] Mon 02/02/2026  4:00:03.55 - Old backups cleaned up. 
[INFO] Tue 02/03/2026  4:00:02.18 - Backing up database "test" to "C:\Users\Administrator\Documents\TTSEcomWeb-main\wdata\test_2026-02-03_ 400.archive" 
[INFO] Tue 02/03/2026  4:00:04.34 - Backup completed! 
[INFO] Tue 02/03/2026  4:00:04.46 - Old backups cleaned up. 
[INFO] Wed 02/04/2026  4:00:02.14 - Backing up database "test" to "C:\Users\Administrator\Documents\TTSEcomWeb-main\wdata\test_2026-02-04_ 400.archive" 
[INFO] Wed 02/04/2026  4:00:04.32 - Backup completed! 
[INFO] Wed 02/04/2026  4:00:04.42 - Old backups cleaned up. 
[INFO] Thu 02/05/2026  4:00:02.15 - Backing up database "test" to "C:\Users\Administrator\Documents\TTSEcomWeb-main\wdata\test_2026-02-05_ 400.archive" 
[INFO] Thu 02/05/2026  4:00:03.54 - Backup completed! 
[INFO] Thu 02/05/2026  4:00:03.71 - Old backups cleaned up. 
[INFO] Fri 02/06/2026  4:00:02.37 - Backing up database "test" to "C:\Users\Administrator\Documents\TTSEcomWeb-main\wdata\test_2026-02-06_ 400.archive" 
[INFO] Fri 02/06/2026  4:00:04.02 - Backup completed! 
[INFO] Fri 02/06/2026  4:00:04.16 - Old backups cleaned up. 
[INFO] Sat 02/07/2026  4:00:02.22 - Backing up database "test" to "C:\Users\Administrator\Documents\TTSEcomWeb-main\wdata\test_2026-02-07_ 400.archive" 
[INFO] Sat 02/07/2026  4:00:03.79 - Backup completed! 
[INFO] Sat 02/07/2026  4:00:03.91 - Old backups cleaned up. 
[INFO] Sun 02/08/2026  4:00:02.11 - Backing up database "test" to "C:\Users\Administrator\Documents\TTSEcomWeb-main\wdata\test_2026-02-08_ 400.archive" 
[INFO] Sun 02/08/2026  4:00:03.29 - Backup completed! 
[INFO] Sun 02/08/2026  4:00:03.41 - Old backups cleaned up. 
[INFO] Mon 02/09/2026  4:00:02.14 - Backing up database "test" to "C:\Users\Administrator\Documents\TTSEcomWeb-main\wdata\test_2026-02-09_ 400.archive" 
[INFO] Mon 02/09/2026  4:00:03.01 - Backup completed! 
[INFO] Mon 02/09/2026  4:00:03.10 - Old backups cleaned up. 
[INFO] Tue 02/10/2026  4:00:02.22 - Backing up database "test" to "C:\Users\Administrator\Documents\TTSEcomWeb-main\wdata\test_2026-02-10_ 400.archive" 
[INFO] Tue 02/10/2026  4:00:03.52 - Backup completed! 
[INFO] Tue 02/10/2026  4:00:03.63 - Old backups cleaned up. 
[INFO] Wed 02/11/2026  4:00:02.12 - Backing up database "test" to "C:\Users\Administrator\Documents\TTSEcomWeb-main\wdata\test_2026-02-11_ 400.archive" 
[INFO] Wed 02/11/2026  4:00:02.88 - Backup completed! 
[INFO] Wed 02/11/2026  4:00:02.95 - Old backups cleaned up. 
[INFO] Thu 02/12/2026  4:00:02.11 - Backing up database "test" to "C:\Users\Administrator\Documents\TTSEcomWeb-main\wdata\test_2026-02-12_ 400.archive" 
[INFO] Thu 02/12/2026  4:00:03.07 - Backup completed! 
[INFO] Thu 02/12/2026  4:00:03.14 - Old backups cleaned up. 
[INFO] Fri 02/13/2026  4:00:02.22 - Backing up database "test" to "C:\Users\Administrator\Documents\TTSEcomWeb-main\wdata\test_2026-02-13_ 400.archive" 
[INFO] Fri 02/13/2026  4:00:03.53 - Backup completed! 
[INFO] Fri 02/13/2026  4:00:03.60 - Old backups cleaned up. 
[INFO] Sat 02/14/2026  4:00:02.21 - Backing up database "test" to "C:\Users\Administrator\Documents\TTSEcomWeb-main\wdata\test_2026-02-14_ 400.archive" 
[INFO] Sat 02/14/2026  4:00:04.03 - Backup completed! 
[INFO] Sat 02/14/2026  4:00:04.13 - Old backups cleaned up. 
[INFO] Sun 02/15/2026  4:00:02.35 - Backing up database "test" to "C:\Users\Administrator\Documents\TTSEcomWeb-main\wdata\test_2026-02-15_ 400.archive" 
[INFO] Sun 02/15/2026  4:00:04.00 - Backup completed! 
[INFO] Sun 02/15/2026  4:00:04.11 - Old backups cleaned up. 
[INFO] Mon 02/16/2026  4:00:02.42 - Backing up database "test" to "C:\Users\Administrator\Documents\TTSEcomWeb-main\wdata\test_2026-02-16_ 400.archive" 
[INFO] Mon 02/16/2026  4:00:04.77 - Backup completed! 
[INFO] Mon 02/16/2026  4:00:04.93 - Old backups cleaned up. 
[INFO] Tue 02/17/2026  4:00:02.30 - Backing up database "test" to "C:\Users\Administrator\Documents\TTSEcomWeb-main\wdata\test_2026-02-17_ 400.archive" 
[INFO] Tue 02/17/2026  4:00:04.08 - Backup completed! 
[INFO] Tue 02/17/2026  4:00:04.18 - Old backups cleaned up. 
[INFO] Wed 02/18/2026  4:00:02.29 - Backing up database "test" to "C:\Users\Administrator\Documents\TTSEcomWeb-main\wdata\test_2026-02-18_ 400.archive" 
[INFO] Wed 02/18/2026  4:00:03.55 - Backup completed! 
[INFO] Wed 02/18/2026  4:00:03.63 - Old backups cleaned up. 
[INFO] Thu 02/19/2026  4:00:02.32 - Backing up database "test" to "C:\Users\Administrator\Documents\TTSEcomWeb-main\wdata\test_2026-02-19_ 400.archive" 
[INFO] Thu 02/19/2026  4:00:03.90 - Backup completed! 
[INFO] Thu 02/19/2026  4:00:04.01 - Old backups cleaned up. 
[INFO] Fri 02/20/2026  4:00:02.24 - Backing up database "test" to "C:\Users\Administrator\Documents\TTSEcomWeb-main\wdata\test_2026-02-20_ 400.archive" 
[INFO] Fri 02/20/2026  4:00:03.57 - Backup completed! 
[INFO] Fri 02/20/2026  4:00:03.66 - Old backups cleaned up. 
[INFO] Sat 02/21/2026  4:00:02.36 - Backing up database "test" to "C:\Users\Administrator\Documents\TTSEcomWeb-main\wdata\test_2026-02-21_ 400.archive" 
[INFO] Sat 02/21/2026  4:00:04.14 - Backup completed! 
[INFO] Sat 02/21/2026  4:00:04.25 - Old backups cleaned up. 
[INFO] Sun 02/22/2026  4:00:02.37 - Backing up database "test" to "C:\Users\Administrator\Documents\TTSEcomWeb-main\wdata\test_2026-02-22_ 400.archive" 
[INFO] Sun 02/22/2026  4:00:03.83 - Backup completed! 
[INFO] Sun 02/22/2026  4:00:03.93 - Old backups cleaned up. 
[INFO] Mon 02/23/2026  4:00:02.46 - Backing up database "test" to "C:\Users\Administrator\Documents\TTSEcomWeb-main\wdata\test_2026-02-23_ 400.archive" 
[INFO] Mon 02/23/2026  4:00:04.38 - Backup completed! 
[INFO] Mon 02/23/2026  4:00:04.49 - Old backups cleaned up. 
[INFO] Tue 02/24/2026  4:00:01.40 - Backing up database "test" to "C:\Users\Administrator\Documents\TTSEcomWeb-main\wdata\test_2026-02-24_ 400.archive" 
[INFO] Tue 02/24/2026  4:00:03.01 - Backup completed! 
[INFO] Tue 02/24/2026  4:00:03.13 - Old backups cleaned up. 
[INFO] Wed 02/25/2026  4:00:01.34 - Backing up database "test" to "C:\Users\Administrator\Documents\TTSEcomWeb-main\wdata\test_2026-02-25_ 400.archive" 
[INFO] Wed 02/25/2026  4:00:02.22 - Backup completed! 
[INFO] Wed 02/25/2026  4:00:02.32 - Old backups cleaned up. 
[INFO] Thu 02/26/2026  4:00:01.39 - Backing up database "test" to "C:\Users\Administrator\Documents\TTSEcomWeb-main\wdata\test_2026-02-26_ 400.archive" 
[INFO] Thu 02/26/2026  4:00:02.74 - Backup completed! 
[INFO] Thu 02/26/2026  4:00:02.85 - Old backups cleaned up. 
[INFO] Fri 02/27/2026  4:00:01.40 - Backing up database "test" to "C:\Users\Administrator\Documents\TTSEcomWeb-main\wdata\test_2026-02-27_ 400.archive" 
[INFO] Fri 02/27/2026  4:00:03.06 - Backup completed! 
[INFO] Fri 02/27/2026  4:00:03.14 - Old backups cleaned up. 
[INFO] Sat 02/28/2026  4:00:01.61 - Backing up database "test" to "C:\Users\Administrator\Documents\TTSEcomWeb-main\wdata\test_2026-02-28_ 400.archive" 
[INFO] Sat 02/28/2026  4:00:04.20 - Backup completed! 
[INFO] Sat 02/28/2026  4:00:04.30 - Old backups cleaned up. 
[INFO] Sun 03/01/2026  4:00:01.52 - Backing up database "test" to "C:\Users\Administrator\Documents\TTSEcomWeb-main\wdata\test_2026-03-01_ 400.archive" 
[INFO] Sun 03/01/2026  4:00:03.07 - Backup completed! 
[INFO] Sun 03/01/2026  4:00:03.17 - Old backups cleaned up. 
[INFO] Mon 03/02/2026  4:00:01.47 - Backing up database "test" to "C:\Users\Administrator\Documents\TTSEcomWeb-main\wdata\test_2026-03-02_ 400.archive" 
[INFO] Mon 03/02/2026  4:00:03.23 - Backup completed! 
[INFO] Mon 03/02/2026  4:00:03.32 - Old backups cleaned up. 
[INFO] Tue 03/03/2026  4:00:01.48 - Backing up database "test" to "C:\Users\Administrator\Documents\TTSEcomWeb-main\wdata\test_2026-03-03_ 400.archive" 
[INFO] Tue 03/03/2026  4:00:02.81 - Backup completed! 
[INFO] Tue 03/03/2026  4:00:02.92 - Old backups cleaned up. 
[INFO] Wed 03/04/2026  4:00:01.72 - Backing up database "test" to "C:\Users\Administrator\Documents\TTSEcomWeb-main\wdata\test_2026-03-04_ 400.archive" 
[INFO] Wed 03/04/2026  4:00:02.99 - Backup completed! 
[INFO] Wed 03/04/2026  4:00:03.11 - Old backups cleaned up. 
[INFO] Thu 03/05/2026  4:00:01.58 - Backing up database "test" to "C:\Users\Administrator\Documents\TTSEcomWeb-main\wdata\test_2026-03-05_ 400.archive" 
[INFO] Thu 03/05/2026  4:00:02.92 - Backup completed! 
[INFO] Thu 03/05/2026  4:00:03.01 - Old backups cleaned up. 
[INFO] Fri 03/06/2026  4:00:01.48 - Backing up database "test" to "C:\Users\Administrator\Documents\TTSEcomWeb-main\wdata\test_2026-03-06_ 400.archive" 
[INFO] Fri 03/06/2026  4:00:02.40 - Backup completed! 
[INFO] Fri 03/06/2026  4:00:02.54 - Old backups cleaned up. 
[INFO] Sat 03/07/2026  4:00:01.50 - Backing up database "test" to "C:\Users\Administrator\Documents\TTSEcomWeb-main\wdata\test_2026-03-07_ 400.archive" 
[INFO] Sat 03/07/2026  4:00:02.79 - Backup completed! 
[INFO] Sat 03/07/2026  4:00:02.97 - Old backups cleaned up. 
[INFO] Sun 03/08/2026  4:00:01.58 - Backing up database "test" to "C:\Users\Administrator\Documents\TTSEcomWeb-main\wdata\test_2026-03-08_ 400.archive" 
[INFO] Sun 03/08/2026  4:00:02.75 - Backup completed! 
[INFO] Sun 03/08/2026  4:00:02.83 - Old backups cleaned up. 
[INFO] Mon 03/09/2026  4:00:01.45 - Backing up database "test" to "C:\Users\Administrator\Documents\TTSEcomWeb-main\wdata\test_2026-03-09_ 400.archive" 
[INFO] Mon 03/09/2026  4:00:02.47 - Backup completed! 
[INFO] Mon 03/09/2026  4:00:02.60 - Old backups cleaned up. 
[INFO] Tue 03/10/2026  4:00:02.90 - Backing up database "test" to "C:\Users\Administrator\Documents\TTSEcomWeb-main\wdata\test_2026-03-10_ 400.archive" 
[INFO] Tue 03/10/2026  4:00:10.49 - Backup completed! 
[INFO] Tue 03/10/2026  4:00:11.07 - Old backups cleaned up. 
[INFO] Wed 03/11/2026  4:00:01.50 - Backing up database "test" to "C:\Users\Administrator\Documents\TTSEcomWeb-main\wdata\test_2026-03-11_ 400.archive" 
[INFO] Wed 03/11/2026  4:00:03.37 - Backup completed! 
[INFO] Wed 03/11/2026  4:00:03.48 - Old backups cleaned up. 
[INFO] Thu 03/12/2026  4:00:01.46 - Backing up database "test" to "C:\Users\Administrator\Documents\TTSEcomWeb-main\wdata\test_2026-03-12_ 400.archive" 
[INFO] Thu 03/12/2026  4:00:03.42 - Backup completed! 
[INFO] Thu 03/12/2026  4:00:03.50 - Old backups cleaned up. 
[INFO] Fri 03/13/2026  4:00:01.61 - Backing up database "test" to "C:\Users\Administrator\Documents\TTSEcomWeb-main\wdata\test_2026-03-13_ 400.archive" 
[INFO] Fri 03/13/2026  4:00:03.38 - Backup completed! 
[INFO] Fri 03/13/2026  4:00:03.46 - Old backups cleaned up. 
[INFO] Sat 03/14/2026  4:00:01.45 - Backing up database "test" to "C:\Users\Administrator\Documents\TTSEcomWeb-main\wdata\test_2026-03-14_ 400.archive" 
[INFO] Sat 03/14/2026  4:00:03.02 - Backup completed! 
[INFO] Sat 03/14/2026  4:00:03.09 - Old backups cleaned up. 
[INFO] Sun 03/15/2026  4:00:02.26 - Backing up database "test" to "C:\Users\Administrator\Documents\TTSEcomWeb-main\wdata\test_2026-03-15_ 400.archive" 
[INFO] Sun 03/15/2026  4:00:04.36 - Backup completed! 
[INFO] Sun 03/15/2026  4:00:04.46 - Old backups cleaned up. 
[INFO] Mon 03/16/2026  4:00:01.58 - Backing up database "test" to "C:\Users\Administrator\Documents\TTSEcomWeb-main\wdata\test_2026-03-16_ 400.archive" 
[INFO] Mon 03/16/2026  4:00:04.12 - Backup completed! 
[INFO] Mon 03/16/2026  4:00:04.20 - Old backups cleaned up. 
[INFO] Tue 03/17/2026  4:00:02.22 - Backing up database "test" to "C:\Users\Administrator\Documents\TTSEcomWeb-main\wdata\test_2026-03-17_ 400.archive" 
[INFO] Tue 03/17/2026  4:00:03.60 - Backup completed! 
[INFO] Tue 03/17/2026  4:00:04.06 - Old backups cleaned up. 
[INFO] Wed 03/18/2026  4:00:02.14 - Backing up database "test" to "C:\Users\Administrator\Documents\TTSEcomWeb-main\wdata\test_2026-03-18_ 400.archive" 
[INFO] Wed 03/18/2026  4:00:03.31 - Backup completed! 
[INFO] Wed 03/18/2026  4:00:03.37 - Old backups cleaned up. 
[INFO] Thu 03/19/2026  4:00:02.42 - Backing up database "test" to "C:\Users\Administrator\Documents\TTSEcomWeb-main\wdata\test_2026-03-19_ 400.archive" 
[INFO] Thu 03/19/2026  4:00:04.48 - Backup completed! 
[INFO] Thu 03/19/2026  4:00:04.55 - Old backups cleaned up. 
[INFO] Fri 03/20/2026  4:00:02.21 - Backing up database "test" to "C:\Users\Administrator\Documents\TTSEcomWeb-main\wdata\test_2026-03-20_ 400.archive" 
[INFO] Fri 03/20/2026  4:00:04.18 - Backup completed! 
[INFO] Fri 03/20/2026  4:00:04.30 - Old backups cleaned up. 
[INFO] Sat 03/21/2026  4:00:02.84 - Backing up database "test" to "C:\Users\Administrator\Documents\TTSEcomWeb-main\wdata\test_2026-03-21_ 400.archive" 
[INFO] Sat 03/21/2026  4:00:05.58 - Backup completed! 
[INFO] Sat 03/21/2026  4:00:06.22 - Old backups cleaned up. 
[INFO] Sun 03/22/2026  4:00:01.58 - Backing up database "test" to "C:\Users\Administrator\Documents\TTSEcomWeb-main\wdata\test_2026-03-22_ 400.archive" 
[INFO] Sun 03/22/2026  4:00:03.59 - Backup completed! 
[INFO] Sun 03/22/2026  4:00:04.04 - Old backups cleaned up. 
[INFO] Mon 03/23/2026  4:00:01.66 - Backing up database "test" to "C:\Users\Administrator\Documents\TTSEcomWeb-main\wdata\test_2026-03-23_ 400.archive" 
[INFO] Mon 03/23/2026  4:00:04.26 - Backup completed! 
[INFO] Mon 03/23/2026  4:00:04.34 - Old backups cleaned up. 
[INFO] Tue 03/24/2026  4:00:01.97 - Backing up database "test" to "C:\Users\Administrator\Documents\TTSEcomWeb-main\wdata\test_2026-03-24_ 400.archive" 
[INFO] Tue 03/24/2026  4:00:04.19 - Backup completed! 
[INFO] Tue 03/24/2026  4:00:04.26 - Old backups cleaned up. 
[INFO] Wed 03/25/2026  4:00:01.83 - Backing up database "test" to "C:\Users\Administrator\Documents\TTSEcomWeb-main\wdata\test_2026-03-25_ 400.archive" 
[INFO] Wed 03/25/2026  4:00:03.31 - Backup completed! 
[INFO] Wed 03/25/2026  4:00:03.36 - Old backups cleaned up. 
[INFO] Thu 03/26/2026  4:00:02.20 - Backing up database "test" to "C:\Users\Administrator\Documents\TTSEcomWeb-main\wdata\test_2026-03-26_ 400.archive" 
[INFO] Thu 03/26/2026  4:00:03.66 - Backup completed! 
[INFO] Thu 03/26/2026  4:00:04.14 - Old backups cleaned up. 
[INFO] Fri 03/27/2026  4:00:02.09 - Backing up database "test" to "C:\Users\Administrator\Documents\TTSEcomWeb-main\wdata\test_2026-03-27_ 400.archive" 
[INFO] Fri 03/27/2026  4:00:04.18 - Backup completed! 
[INFO] Fri 03/27/2026  4:00:04.27 - Old backups cleaned up. 
[INFO] Sat 03/28/2026  4:00:01.64 - Backing up database "test" to "C:\Users\Administrator\Documents\TTSEcomWeb-main\wdata\test_2026-03-28_ 400.archive" 
[INFO] Sat 03/28/2026  4:00:03.20 - Backup completed! 
[INFO] Sat 03/28/2026  4:00:03.28 - Old backups cleaned up. 
[INFO] Sun 03/29/2026  4:00:01.75 - Backing up database "test" to "C:\Users\Administrator\Documents\TTSEcomWeb-main\wdata\test_2026-03-29_ 400.archive" 
[INFO] Sun 03/29/2026  4:00:03.53 - Backup completed! 
[INFO] Sun 03/29/2026  4:00:03.62 - Old backups cleaned up. 
[INFO] Mon 03/30/2026  4:00:02.22 - Backing up database "test" to "C:\Users\Administrator\Documents\TTSEcomWeb-main\wdata\test_2026-03-30_ 400.archive" 
[INFO] Mon 03/30/2026  4:00:03.56 - Backup completed! 
[INFO] Mon 03/30/2026  4:00:04.05 - Old backups cleaned up. 
[INFO] Tue 03/31/2026  4:00:02.06 - Backing up database "test" to "C:\Users\Administrator\Documents\TTSEcomWeb-main\wdata\test_2026-03-31_ 400.archive" 
[INFO] Tue 03/31/2026  4:00:03.55 - Backup completed! 
[INFO] Tue 03/31/2026  4:00:04.11 - Old backups cleaned up. 
[INFO] Wed 04/01/2026  4:00:02.20 - Backing up database "test" to "C:\Users\Administrator\Documents\TTSEcomWeb-main\wdata\test_2026-04-01_ 400.archive" 
[INFO] Wed 04/01/2026  4:00:03.87 - Backup completed! 
[INFO] Wed 04/01/2026  4:00:03.97 - Old backups cleaned up. 
[INFO] Thu 04/02/2026  4:00:02.16 - Backing up database "test" to "C:\Users\Administrator\Documents\TTSEcomWeb-main\wdata\test_2026-04-02_ 400.archive" 
[INFO] Thu 04/02/2026  4:00:04.04 - Backup completed! 
[INFO] Thu 04/02/2026  4:00:04.22 - Old backups cleaned up. 
[INFO] Fri 04/03/2026  4:00:02.27 - Backing up database "test" to "C:\Users\Administrator\Documents\TTSEcomWeb-main\wdata\test_2026-04-03_ 400.archive" 
[INFO] Fri 04/03/2026  4:00:02.99 - Backup completed! 
[INFO] Fri 04/03/2026  4:00:03.09 - Old backups cleaned up. 
[INFO] Sat 04/04/2026  4:00:02.01 - Backing up database "test" to "C:\Users\Administrator\Documents\TTSEcomWeb-main\wdata\test_2026-04-04_ 400.archive" 
[INFO] Sat 04/04/2026  4:00:02.93 - Backup completed! 
[INFO] Sat 04/04/2026  4:00:03.04 - Old backups cleaned up. 
[INFO] Sun 04/05/2026  4:00:02.09 - Backing up database "test" to "C:\Users\Administrator\Documents\TTSEcomWeb-main\wdata\test_2026-04-05_ 400.archive" 
[INFO] Sun 04/05/2026  4:00:02.72 - Backup completed! 
[INFO] Sun 04/05/2026  4:00:02.80 - Old backups cleaned up. 
[INFO] Mon 04/06/2026  4:00:01.83 - Backing up database "test" to "C:\Users\Administrator\Documents\TTSEcomWeb-main\wdata\test_2026-04-06_ 400.archive" 
[INFO] Mon 04/06/2026  4:00:04.34 - Backup completed! 
[INFO] Mon 04/06/2026  4:00:04.44 - Old backups cleaned up. 
[INFO] Tue 04/07/2026  4:00:02.31 - Backing up database "test" to "C:\Users\Administrator\Documents\TTSEcomWeb-main\wdata\test_2026-04-07_ 400.archive" 
[INFO] Tue 04/07/2026  4:00:04.37 - Backup completed! 
[INFO] Tue 04/07/2026  4:00:04.44 - Old backups cleaned up. 
[INFO] Thu 04/09/2026  4:00:01.69 - Backing up database "test" to "C:\Users\Administrator\Documents\TTSEcomWeb-main\wdata\test_2026-04-09_ 400.archive" 
[INFO] Thu 04/09/2026  4:00:02.58 - Backup completed! 
[INFO] Thu 04/09/2026  4:00:02.74 - Old backups cleaned up. 
[INFO] Fri 04/10/2026  4:00:01.75 - Backing up database "test" to "C:\Users\Administrator\Documents\TTSEcomWeb-main\wdata\test_2026-04-10_ 400.archive" 
[INFO] Fri 04/10/2026  4:00:02.61 - Backup completed! 
[INFO] Fri 04/10/2026  4:00:02.67 - Old backups cleaned up. 
[INFO] Sat 04/11/2026  4:00:01.92 - Backing up database "test" to "C:\Users\Administrator\Documents\TTSEcomWeb-main\wdata\test_2026-04-11_ 400.archive" 
[INFO] Sat 04/11/2026  4:00:03.24 - Backup completed! 
[INFO] Sat 04/11/2026  4:00:03.34 - Old backups cleaned up. 
[INFO] Sun 04/12/2026  4:00:01.75 - Backing up database "test" to "C:\Users\Administrator\Documents\TTSEcomWeb-main\wdata\test_2026-04-12_ 400.archive" 
[INFO] Sun 04/12/2026  4:00:03.03 - Backup completed! 
[INFO] Sun 04/12/2026  4:00:03.10 - Old backups cleaned up. 
[INFO] Mon 04/13/2026  4:00:01.71 - Backing up database "test" to "C:\Users\Administrator\Documents\TTSEcomWeb-main\wdata\test_2026-04-13_ 400.archive" 
[INFO] Mon 04/13/2026  4:00:02.90 - Backup completed! 
[INFO] Mon 04/13/2026  4:00:03.01 - Old backups cleaned up. 
[INFO] Tue 04/14/2026  4:00:01.97 - Backing up database "test" to "C:\Users\Administrator\Documents\TTSEcomWeb-main\wdata\test_2026-04-14_ 400.archive" 
[INFO] Tue 04/14/2026  4:00:03.29 - Backup completed! 
[INFO] Tue 04/14/2026  4:00:03.43 - Old backups cleaned up. 
[INFO] Wed 04/15/2026  4:00:01.75 - Backing up database "test" to "C:\Users\Administrator\Documents\TTSEcomWeb-main\wdata\test_2026-04-15_ 400.archive" 
[INFO] Wed 04/15/2026  4:00:02.61 - Backup completed! 
[INFO] Wed 04/15/2026  4:00:02.65 - Old backups cleaned up. 
[INFO] Thu 04/16/2026  4:00:01.89 - Backing up database "test" to "C:\Users\Administrator\Documents\TTSEcomWeb-main\wdata\test_2026-04-16_ 400.archive" 
[INFO] Thu 04/16/2026  4:00:03.54 - Backup completed! 
[INFO] Thu 04/16/2026  4:00:03.65 - Old backups cleaned up. 
[INFO] Fri 04/17/2026  4:00:01.85 - Backing up database "test" to "C:\Users\Administrator\Documents\TTSEcomWeb-main\wdata\test_2026-04-17_ 400.archive" 
[INFO] Fri 04/17/2026  4:00:02.94 - Backup completed! 
[INFO] Fri 04/17/2026  4:00:03.05 - Old backups cleaned up. 
[INFO] Sat 04/18/2026  4:00:02.28 - Backing up database "test" to "C:\Users\Administrator\Documents\TTSEcomWeb-main\wdata\test_2026-04-18_ 400.archive" 
[INFO] Sat 04/18/2026  4:00:03.72 - Backup completed! 
[INFO] Sat 04/18/2026  4:00:03.90 - Old backups cleaned up. 
[INFO] Sun 04/19/2026  4:00:01.92 - Backing up database "test" to "C:\Users\Administrator\Documents\TTSEcomWeb-main\wdata\test_2026-04-19_ 400.archive" 
[INFO] Sun 04/19/2026  4:00:03.09 - Backup completed! 
[INFO] Sun 04/19/2026  4:00:03.20 - Old backups cleaned up. 
[INFO] Mon 04/20/2026  4:00:01.91 - Backing up database "test" to "C:\Users\Administrator\Documents\TTSEcomWeb-main\wdata\test_2026-04-20_ 400.archive" 
[INFO] Mon 04/20/2026  4:00:03.23 - Backup completed! 
[INFO] Mon 04/20/2026  4:00:03.31 - Old backups cleaned up. 
[INFO] Tue 04/21/2026  4:00:01.99 - Backing up database "test" to "C:\Users\Administrator\Documents\TTSEcomWeb-main\wdata\test_2026-04-21_ 400.archive" 
[INFO] Tue 04/21/2026  4:00:03.24 - Backup completed! 
[INFO] Tue 04/21/2026  4:00:03.35 - Old backups cleaned up. 
[INFO] Wed 04/22/2026  4:00:01.79 - Backing up database "test" to "C:\Users\Administrator\Documents\TTSEcomWeb-main\wdata\test_2026-04-22_ 400.archive" 
[INFO] Wed 04/22/2026  4:00:02.66 - Backup completed! 
[INFO] Wed 04/22/2026  4:00:02.75 - Old backups cleaned up. 
[INFO] Thu 04/23/2026  4:00:01.82 - Backing up database "test" to "C:\Users\Administrator\Documents\TTSEcomWeb-main\wdata\test_2026-04-23_ 400.archive" 
[INFO] Thu 04/23/2026  4:00:02.67 - Backup completed! 
[INFO] Thu 04/23/2026  4:00:02.77 - Old backups cleaned up. 
[INFO] Fri 04/24/2026  4:00:01.86 - Backing up database "test" to "C:\Users\Administrator\Documents\TTSEcomWeb-main\wdata\test_2026-04-24_ 400.archive" 
[INFO] Fri 04/24/2026  4:00:02.82 - Backup completed! 
[INFO] Fri 04/24/2026  4:00:02.91 - Old backups cleaned up. 
[INFO] Sat 04/25/2026  4:00:01.93 - Backing up database "test" to "C:\Users\Administrator\Documents\TTSEcomWeb-main\wdata\test_2026-04-25_ 400.archive" 
[INFO] Sat 04/25/2026  4:00:03.13 - Backup completed! 
[INFO] Sat 04/25/2026  4:00:03.24 - Old backups cleaned up. 
[INFO] Sun 04/26/2026  4:00:01.92 - Backing up database "test" to "C:\Users\Administrator\Documents\TTSEcomWeb-main\wdata\test_2026-04-26_ 400.archive" 
[INFO] Sun 04/26/2026  4:00:02.83 - Backup completed! 
[INFO] Sun 04/26/2026  4:00:02.95 - Old backups cleaned up. 
[INFO] Mon 04/27/2026  4:00:01.92 - Backing up database "test" to "C:\Users\Administrator\Documents\TTSEcomWeb-main\wdata\test_2026-04-27_ 400.archive" 
[INFO] Mon 04/27/2026  4:00:02.81 - Backup completed! 
[INFO] Mon 04/27/2026  4:00:02.92 - Old backups cleaned up. 
[INFO] Tue 04/28/2026  4:00:01.92 - Backing up database "test" to "C:\Users\Administrator\Documents\TTSEcomWeb-main\wdata\test_2026-04-28_ 400.archive" 
[INFO] Tue 04/28/2026  4:00:02.77 - Backup completed! 
[INFO] Tue 04/28/2026  4:00:02.87 - Old backups cleaned up. 
[INFO] Wed 04/29/2026  4:00:01.96 - Backing up database "test" to "C:\Users\Administrator\Documents\TTSEcomWeb-main\wdata\test_2026-04-29_ 400.archive" 
[INFO] Wed 04/29/2026  4:00:03.02 - Backup completed! 
[INFO] Wed 04/29/2026  4:00:03.13 - Old backups cleaned up. 
[INFO] Thu 04/30/2026  4:00:01.94 - Backing up database "test" to "C:\Users\Administrator\Documents\TTSEcomWeb-main\wdata\test_2026-04-30_ 400.archive" 
[INFO] Thu 04/30/2026  4:00:02.79 - Backup completed! 
[INFO] Thu 04/30/2026  4:00:02.90 - Old backups cleaned up. 
[INFO] Fri 05/01/2026  4:00:01.91 - Backing up database "test" to "C:\Users\Administrator\Documents\TTSEcomWeb-main\wdata\test_2026-05-01_ 400.archive" 
[INFO] Fri 05/01/2026  4:00:02.74 - Backup completed! 
[INFO] Fri 05/01/2026  4:00:02.84 - Old backups cleaned up. 
[INFO] Sat 05/02/2026  4:00:01.88 - Backing up database "test" to "C:\Users\Administrator\Documents\TTSEcomWeb-main\wdata\test_2026-05-02_ 400.archive" 
[INFO] Sat 05/02/2026  4:00:02.75 - Backup completed! 
[INFO] Sat 05/02/2026  4:00:02.85 - Old backups cleaned up. 
[INFO] Sun 05/03/2026  4:00:01.92 - Backing up database "test" to "C:\Users\Administrator\Documents\TTSEcomWeb-main\wdata\test_2026-05-03_ 400.archive" 
[INFO] Sun 05/03/2026  4:00:02.81 - Backup completed! 
[INFO] Sun 05/03/2026  4:00:02.90 - Old backups cleaned up. 
[INFO] Mon 05/04/2026  4:00:02.92 - Backing up database "test" to "C:\Users\Administrator\Documents\TTSEcomWeb-main\wdata\test_2026-05-04_ 400.archive" 
[INFO] Mon 05/04/2026  4:00:04.44 - Backup completed! 
[INFO] Mon 05/04/2026  4:00:04.56 - Old backups cleaned up. 
[INFO] Tue 05/05/2026  4:00:02.25 - Backing up database "test" to "C:\Users\Administrator\Documents\TTSEcomWeb-main\wdata\test_2026-05-05_ 400.archive" 
[INFO] Tue 05/05/2026  4:00:04.00 - Backup completed! 
[INFO] Tue 05/05/2026  4:00:04.12 - Old backups cleaned up. 
[INFO] Wed 05/06/2026  4:00:02.00 - Backing up database "test" to "C:\Users\Administrator\Documents\TTSEcomWeb-main\wdata\test_2026-05-06_ 400.archive" 
[INFO] Wed 05/06/2026  4:00:03.26 - Backup completed! 
[INFO] Wed 05/06/2026  4:00:03.36 - Old backups cleaned up. 
[INFO] Thu 05/07/2026  4:00:01.96 - Backing up database "test" to "C:\Users\Administrator\Documents\TTSEcomWeb-main\wdata\test_2026-05-07_ 400.archive" 
[INFO] Thu 05/07/2026  4:00:03.18 - Backup completed! 
[INFO] Thu 05/07/2026  4:00:03.28 - Old backups cleaned up. 
[INFO] Fri 05/08/2026  4:00:01.88 - Backing up database "test" to "C:\Users\Administrator\Documents\TTSEcomWeb-main\wdata\test_2026-05-08_ 400.archive" 
[INFO] Fri 05/08/2026  4:00:02.66 - Backup completed! 
[INFO] Fri 05/08/2026  4:00:02.76 - Old backups cleaned up. 
[INFO] Sat 05/09/2026  4:00:02.29 - Backing up database "test" to "C:\Users\Administrator\Documents\TTSEcomWeb-main\wdata\test_2026-05-09_ 400.archive" 
[INFO] Sat 05/09/2026  4:00:04.03 - Backup completed! 
[INFO] Sat 05/09/2026  4:00:04.14 - Old backups cleaned up. 
[INFO] Sun 05/10/2026  4:00:02.21 - Backing up database "test" to "C:\Users\Administrator\Documents\TTSEcomWeb-main\wdata\test_2026-05-10_ 400.archive" 
[INFO] Sun 05/10/2026  4:00:03.77 - Backup completed! 
[INFO] Sun 05/10/2026  4:00:03.94 - Old backups cleaned up. 
[INFO] Mon 05/11/2026  4:00:02.11 - Backing up database "test" to "C:\Users\Administrator\Documents\TTSEcomWeb-main\wdata\test_2026-05-11_ 400.archive" 
[INFO] Mon 05/11/2026  4:00:03.44 - Backup completed! 
[INFO] Mon 05/11/2026  4:00:03.60 - Old backups cleaned up. 
[INFO] Tue 05/12/2026  4:00:02.13 - Backing up database "test" to "C:\Users\Administrator\Documents\TTSEcomWeb-main\wdata\test_2026-05-12_ 400.archive" 
[INFO] Tue 05/12/2026  4:00:03.71 - Backup completed! 
[INFO] Tue 05/12/2026  4:00:03.81 - Old backups cleaned up. 
[INFO] Wed 05/13/2026  4:00:02.15 - Backing up database "test" to "C:\Users\Administrator\Documents\TTSEcomWeb-main\wdata\test_2026-05-13_ 400.archive" 
[INFO] Wed 05/13/2026  4:00:03.41 - Backup completed! 
[INFO] Wed 05/13/2026  4:00:03.51 - Old backups cleaned up. 
[INFO] Thu 05/14/2026  4:00:01.99 - Backing up database "test" to "C:\Users\Administrator\Documents\TTSEcomWeb-main\wdata\test_2026-05-14_ 400.archive" 
[INFO] Thu 05/14/2026  4:00:02.97 - Backup completed! 
[INFO] Thu 05/14/2026  4:00:03.07 - Old backups cleaned up. 
[INFO] Fri 05/15/2026  4:00:02.03 - Backing up database "test" to "C:\Users\Administrator\Documents\TTSEcomWeb-main\wdata\test_2026-05-15_ 400.archive" 
[INFO] Fri 05/15/2026  4:00:03.11 - Backup completed! 
[INFO] Fri 05/15/2026  4:00:03.24 - Old backups cleaned up. 
[INFO] Sat 05/16/2026  4:00:02.30 - Backing up database "test" to "C:\Users\Administrator\Documents\TTSEcomWeb-main\wdata\test_2026-05-16_ 400.archive" 
[INFO] Sat 05/16/2026  4:00:04.07 - Backup completed! 
[INFO] Sat 05/16/2026  4:00:04.16 - Old backups cleaned up. 
[INFO] Sun 05/17/2026  4:00:02.11 - Backing up database "test" to "C:\Users\Administrator\Documents\TTSEcomWeb-main\wdata\test_2026-05-17_ 400.archive" 
[INFO] Sun 05/17/2026  4:00:03.63 - Backup completed! 
[INFO] Sun 05/17/2026  4:00:03.75 - Old backups cleaned up. 
[INFO] Mon 05/18/2026  4:00:02.05 - Backing up database "test" to "C:\Users\Administrator\Documents\TTSEcomWeb-main\wdata\test_2026-05-18_ 400.archive" 
[INFO] Mon 05/18/2026  4:00:03.41 - Backup completed! 
[INFO] Mon 05/18/2026  4:00:03.54 - Old backups cleaned up. 
[INFO] Tue 05/19/2026  4:00:02.14 - Backing up database "test" to "C:\Users\Administrator\Documents\TTSEcomWeb-main\wdata\test_2026-05-19_ 400.archive" 
[INFO] Tue 05/19/2026  4:00:03.37 - Backup completed! 
[INFO] Tue 05/19/2026  4:00:03.50 - Old backups cleaned up. 
[INFO] Wed 05/20/2026  4:00:02.02 - Backing up database "test" to "C:\Users\Administrator\Documents\TTSEcomWeb-main\wdata\test_2026-05-20_ 400.archive" 
[INFO] Wed 05/20/2026  4:00:02.96 - Backup completed! 
[INFO] Wed 05/20/2026  4:00:03.04 - Old backups cleaned up. 
[INFO] Thu 05/21/2026  4:00:02.13 - Backing up database "test" to "C:\Users\Administrator\Documents\TTSEcomWeb-main\wdata\test_2026-05-21_ 400.archive" 
[INFO] Thu 05/21/2026  4:00:03.15 - Backup completed! 
[INFO] Thu 05/21/2026  4:00:03.28 - Old backups cleaned up. 
[INFO] Fri 05/22/2026  4:00:02.01 - Backing up database "test" to "C:\Users\Administrator\Documents\TTSEcomWeb-main\wdata\test_2026-05-22_ 400.archive" 
[INFO] Fri 05/22/2026  4:00:02.81 - Backup completed! 
[INFO] Fri 05/22/2026  4:00:02.92 - Old backups cleaned up. 
[INFO] Sat 05/23/2026  4:00:02.11 - Backing up database "test" to "C:\Users\Administrator\Documents\TTSEcomWeb-main\wdata\test_2026-05-23_ 400.archive" 
[INFO] Sat 05/23/2026  4:00:03.37 - Backup completed! 
[INFO] Sat 05/23/2026  4:00:03.46 - Old backups cleaned up. 
[INFO] Sun 05/24/2026  4:00:02.06 - Backing up database "test" to "C:\Users\Administrator\Documents\TTSEcomWeb-main\wdata\test_2026-05-24_ 400.archive" 
[INFO] Sun 05/24/2026  4:00:03.42 - Backup completed! 
[INFO] Sun 05/24/2026  4:00:03.57 - Old backups cleaned up. 
[INFO] Mon 05/25/2026  4:00:02.20 - Backing up database "test" to "C:\Users\Administrator\Documents\TTSEcomWeb-main\wdata\test_2026-05-25_ 400.archive" 
[INFO] Mon 05/25/2026  4:00:03.87 - Backup completed! 
[INFO] Mon 05/25/2026  4:00:03.96 - Old backups cleaned up. 
[INFO] Tue 05/26/2026  4:00:02.19 - Backing up database "test" to "C:\Users\Administrator\Documents\TTSEcomWeb-main\wdata\test_2026-05-26_ 400.archive" 
[INFO] Tue 05/26/2026  4:00:03.33 - Backup completed! 
[INFO] Tue 05/26/2026  4:00:03.48 - Old backups cleaned up. 
[INFO] Wed 05/27/2026  4:00:02.29 - Backing up database "test" to "C:\Users\Administrator\Documents\TTSEcomWeb-main\wdata\test_2026-05-27_ 400.archive" 
[INFO] Wed 05/27/2026  4:00:03.85 - Backup completed! 
[INFO] Wed 05/27/2026  4:00:03.98 - Old backups cleaned up. 
[INFO] Thu 05/28/2026  4:00:02.12 - Backing up database "test" to "C:\Users\Administrator\Documents\TTSEcomWeb-main\wdata\test_2026-05-28_ 400.archive" 
[INFO] Thu 05/28/2026  4:00:03.16 - Backup completed! 
[INFO] Thu 05/28/2026  4:00:03.26 - Old backups cleaned up. 
[INFO] Fri 05/29/2026  4:00:02.13 - Backing up database "test" to "C:\Users\Administrator\Documents\TTSEcomWeb-main\wdata\test_2026-05-29_ 400.archive" 
[INFO] Fri 05/29/2026  4:00:03.14 - Backup completed! 
[INFO] Fri 05/29/2026  4:00:03.27 - Old backups cleaned up. 
[INFO] Sat 05/30/2026  4:00:02.39 - Backing up database "test" to "C:\Users\Administrator\Documents\TTSEcomWeb-main\wdata\test_2026-05-30_ 400.archive" 
[INFO] Sat 05/30/2026  4:00:03.85 - Backup completed! 
[INFO] Sat 05/30/2026  4:00:04.06 - Old backups cleaned up. 
[INFO] Sun 05/31/2026  4:00:02.16 - Backing up database "test" to "C:\Users\Administrator\Documents\TTSEcomWeb-main\wdata\test_2026-05-31_ 400.archive" 
[INFO] Sun 05/31/2026  4:00:03.59 - Backup completed! 
[INFO] Sun 05/31/2026  4:00:03.72 - Old backups cleaned up. 
[INFO] Mon 06/01/2026  4:00:02.33 - Backing up database "test" to "C:\Users\Administrator\Documents\TTSEcomWeb-main\wdata\test_2026-06-01_ 400.archive" 
[INFO] Mon 06/01/2026  4:00:03.70 - Backup completed! 
[INFO] Mon 06/01/2026  4:00:03.82 - Old backups cleaned up. 
[INFO] Tue 06/02/2026  4:00:02.50 - Backing up database "test" to "C:\Users\Administrator\Documents\TTSEcomWeb-main\wdata\test_2026-06-02_ 400.archive" 
[INFO] Tue 06/02/2026  4:00:04.11 - Backup completed! 
[INFO] Tue 06/02/2026  4:00:04.26 - Old backups cleaned up. 
[INFO] Wed 06/03/2026  4:00:02.40 - Backing up database "test" to "C:\Users\Administrator\Documents\TTSEcomWeb-main\wdata\test_2026-06-03_ 400.archive" 
[INFO] Wed 06/03/2026  4:00:03.74 - Backup completed! 
[INFO] Wed 06/03/2026  4:00:03.86 - Old backups cleaned up. 
[INFO] Thu 06/04/2026  4:00:02.25 - Backing up database "test" to "C:\Users\Administrator\Documents\TTSEcomWeb-main\wdata\test_2026-06-04_ 400.archive" 
[INFO] Thu 06/04/2026  4:00:03.76 - Backup completed! 
[INFO] Thu 06/04/2026  4:00:03.88 - Old backups cleaned up. 
[INFO] Fri 06/05/2026  4:00:02.29 - Backing up database "test" to "C:\Users\Administrator\Documents\TTSEcomWeb-main\wdata\test_2026-06-05_ 400.archive" 
[INFO] Fri 06/05/2026  4:00:03.49 - Backup completed! 
[INFO] Fri 06/05/2026  4:00:04.20 - Old backups cleaned up. 
[INFO] Sat 06/06/2026  4:00:02.18 - Backing up database "test" to "C:\Users\Administrator\Documents\TTSEcomWeb-main\wdata\test_2026-06-06_ 400.archive" 
[INFO] Sat 06/06/2026  4:00:03.05 - Backup completed! 
[INFO] Sat 06/06/2026  4:00:03.16 - Old backups cleaned up. 
[INFO] Sun 06/07/2026  4:00:02.28 - Backing up database "test" to "C:\Users\Administrator\Documents\TTSEcomWeb-main\wdata\test_2026-06-07_ 400.archive" 
[INFO] Sun 06/07/2026  4:00:03.81 - Backup completed! 
[INFO] Sun 06/07/2026  4:00:03.93 - Old backups cleaned up. 
[INFO] Mon 06/08/2026  4:00:02.18 - Backing up database "test" to "C:\Users\Administrator\Documents\TTSEcomWeb-main\wdata\test_2026-06-08_ 400.archive" 
[INFO] Mon 06/08/2026  4:00:03.19 - Backup completed! 
[INFO] Mon 06/08/2026  4:00:03.31 - Old backups cleaned up. 
[INFO] Tue 06/09/2026  4:00:02.40 - Backing up database "test" to "C:\Users\Administrator\Documents\TTSEcomWeb-main\wdata\test_2026-06-09_ 400.archive" 
[INFO] Tue 06/09/2026  4:00:04.14 - Backup completed! 
[INFO] Tue 06/09/2026  4:00:04.35 - Old backups cleaned up. 
[INFO] Wed 06/10/2026  4:00:02.22 - Backing up database "test" to "C:\Users\Administrator\Documents\TTSEcomWeb-main\wdata\test_2026-06-10_ 400.archive" 
[INFO] Wed 06/10/2026  4:00:03.13 - Backup completed! 
[INFO] Wed 06/10/2026  4:00:03.26 - Old backups cleaned up. 
[INFO] Wed 06/24/2026  5:00:33.94 - Backing up database "test" to "d:\TTSmartEcomWeb\wdata\test_2026-06-24_ 400.archive"
[INFO] Wed 06/24/2026  5:00:34.13 - Backup completed!
[INFO] Wed 06/24/2026  5:00:34.18 - Old backups cleaned up.
[INFO] Thu 06/25/2026  4:00:02.32 - Backing up database "test" to "d:\TTSmartEcomWeb\wdata\test_2026-06-25_ 400.archive"
[INFO] Thu 06/25/2026  4:00:02.46 - Backup completed!
[INFO] Thu 06/25/2026  4:00:02.47 - Old backups cleaned up.
[INFO] Fri 06/26/2026  4:00:02.38 - Backing up database "test" to "d:\TTSmartEcomWeb\wdata\test_2026-06-26_ 400.archive"
[INFO] Fri 06/26/2026  4:00:04.38 - Backup completed!
[INFO] Fri 06/26/2026  4:00:04.42 - Old backups cleaned up.
[INFO] Fri 06/26/2026  1:15:45.80 - Backing up database "test" to "d:\TTSmartEcomWeb\wdata\test_2026-06-26_ 400.archive"
[INFO] Fri 06/26/2026  1:15:48.03 - Backup completed!
[INFO] Fri 06/26/2026  1:15:48.07 - Old backups cleaned up.
